1,-56.63,0.69,31.0,7.35,14.15,6.53,7.55,0.07,63.55,7.92,8.98,0.52,24.0,7.0,0.0,0.51
2,-78.51,0.86,14.0,5.43,9.63,5.71,3.86,0.06,79.84,38.94,0.89,0.38,4.0,9.0,1.0,0.54
3,-70.83,0.82,18.0,4.5,9.2,4.25,4.89,0.06,29.92,10.92,3.92,0.37,10.0,8.0,0.0,0.6
4,-36.46,0.62,38.0,5.05,17.49,4.76,12.63,0.09,51.57,31.44,1.13,0.25,8.0,8.0,22.0,0.58
5,58.22,0.12,88.0,7.14,36.26,6.65,29.52,0.09,125.06,30.44,2.93,0.22,13.0,42.0,33.0,0.55
6,-69.19,0.79,21.0,2.33,10.44,2.86,7.52,0.06,50.21,9.27,2.35,0.54,4.0,17.0,0.0,0.56
7,-15.6,0.5,50.0,2.32,18.45,2.83,15.52,0.1,77.53,32.47,1.1,0.35,18.0,3.0,29.0,0.51
8,-82.08,0.89,11.0,9.73,10.74,6.64,4.0,0.11,60.35,28.92,4.13,0.24,2.0,3.0,6.0,0.6
9,14.39,0.15,85.0,8.01,73.23,7.24,65.93,0.06,100.58,28.9,2.09,0.58,3.0,77.0,5.0,0.63
10,59.03,0.03,97.0,15.22,53.47,9.58,43.84,0.05,129.94,44.44,1.51,0.34,50.0,47.0,0.0,0.66
11,8.38,0.25,75.0,7.13,28.43,4.98,23.39,0.06,81.04,41.7,2.15,0.41,46.0,29.0,0.0,0.59
12,-0.03,0.34,66.0,3.0,21.81,3.02,18.73,0.06,49.32,6.58,3.91,0.45,21.0,45.0,0.0,0.62
13,39.47,0.05,95.0,2.67,31.07,3.33,27.68,0.06,113.28,33.45,2.07,0.43,61.0,34.0,0.0,0.44
14,32.33,0.13,87.0,5.49,39.76,4.68,34.99,0.08,99.94,38.5,3.56,0.41,54.0,1.0,32.0,0.42
15,29.7,0.27,73.0,8.25,30.1,6.68,23.34,0.08,69.19,18.09,2.93,0.1,26.0,18.0,29.0,0.42
16,56.15,0.04,96.0,15.6,55.42,9.84,45.52,0.05,135.19,38.53,3.05,0.37,43.0,53.0,0.0,0.45
17,55.06,0.01,99.0,9.05,33.37,7.55,25.76,0.06,115.7,22.7,3.0,0.37,55.0,44.0,0.0,0.66
18,-9.09,0.35,65.0,7.09,28.77,4.89,23.82,0.06,79.59,23.48,0.48,0.49,53.0,5.0,7.0,0.48
19,-16.54,0.48,52.0,3.73,21.54,3.71,17.73,0.1,88.69,39.23,1.01,0.42,19.0,0.0,33.0,0.47
20,38.86,0.25,75.0,4.43,31.54,3.8,27.68,0.06,134.12,35.83,2.89,0.22,32.0,34.0,9.0,0.41
21,-72.82,0.8,20.0,2.7,22.03,2.88,19.1,0.06,105.9,30.54,2.13,0.63,0.0,19.0,1.0,0.41
22,22.67,0.08,92.0,8.11,45.63,6.41,39.15,0.06,74.29,22.88,2.33,0.67,92.0,0.0,0.0,0.45
23,5.35,0.27,73.0,6.99,24.02,5.31,18.63,0.08,40.69,23.31,1.48,0.47,51.0,22.0,0.0,0.3
24,63.37,0.0,100.0,5.54,31.28,5.45,25.78,0.05,142.37,42.6,3.61,0.31,49.0,49.0,2.0,0.36
25,24.55,0.17,83.0,9.93,28.6,7.71,20.82,0.07,47.71,24.37,3.01,0.3,51.0,18.0,14.0,0.31
26,-3.97,0.29,71.0,3.66,48.43,4.51,43.8,0.12,74.21,24.33,0.68,0.64,3.0,0.0,68.0,0.47
27,30.66,0.03,97.0,1.9,56.47,2.2,54.16,0.11,115.34,28.54,0.79,0.62,7.0,0.0,90.0,0.44
28,21.33,0.1,90.0,5.38,44.03,5.22,38.76,0.05,84.77,27.85,6.05,0.61,82.0,8.0,0.0,0.33
29,34.97,0.09,91.0,3.84,26.67,4.16,22.4,0.12,57.12,27.87,0.96,0.44,11.0,10.0,70.0,0.39
30,66.62,0.02,98.0,7.4,30.35,5.68,24.57,0.09,75.29,31.48,2.89,0.22,47.0,15.0,36.0,0.33
31,43.22,0.16,84.0,3.48,25.47,3.48,21.93,0.06,62.56,31.45,2.3,0.31,44.0,35.0,5.0,0.4
32,-12.35,0.45,55.0,8.36,19.95,6.09,13.78,0.08,36.55,21.81,8.99,0.42,20.0,35.0,0.0,0.31
33,60.44,0.0,100.0,7.94,27.16,5.92,21.18,0.05,134.15,42.53,2.69,0.4,40.0,60.0,0.0,0.36
34,19.78,0.23,77.0,3.1,24.7,3.81,20.81,0.09,64.07,36.32,2.07,0.2,16.0,22.0,39.0,0.33
35,70.84,0.04,96.0,3.39,35.27,4.22,30.98,0.07,96.68,35.98,3.68,0.1,37.0,37.0,22.0,0.31
36,63.2,0.0,100.0,5.12,29.61,4.86,24.7,0.05,112.97,43.75,3.21,0.37,55.0,45.0,0.0,0.46
37,17.91,0.38,62.0,11.35,19.98,8.19,11.71,0.08,39.6,17.73,4.37,0.06,23.0,22.0,17.0,0.56
38,40.53,0.07,93.0,6.22,37.42,5.97,31.4,0.06,108.16,36.2,1.91,0.43,61.0,31.0,1.0,0.46
39,44.44,0.11,89.0,3.1,25.86,3.88,21.89,0.1,67.1,20.37,1.91,0.28,29.0,11.0,49.0,0.33
40,64.48,0.0,100.0,11.76,33.79,8.65,25.08,0.06,136.73,43.13,1.9,0.35,48.0,52.0,0.0,0.35
41,61.41,0.02,98.0,2.19,50.8,2.22,48.49,0.09,106.33,29.54,0.88,0.35,14.0,19.0,65.0,0.37
42,24.27,0.18,82.0,13.8,35.51,9.09,26.34,0.09,60.87,28.23,5.5,0.33,54.0,13.0,15.0,0.32
43,12.55,0.29,71.0,10.8,30.48,6.94,23.44,0.1,59.27,36.24,5.82,0.42,26.0,0.0,45.0,0.35
44,32.64,0.14,86.0,7.07,28.65,5.0,23.58,0.07,77.75,25.72,2.55,0.41,61.0,8.0,17.0,0.33
45,62.35,0.09,91.0,6.04,27.2,5.43,21.69,0.08,84.35,41.56,1.68,0.23,13.0,45.0,33.0,0.34
46,21.66,0.31,69.0,4.93,25.51,5.4,20.03,0.08,65.5,17.23,1.67,0.19,21.0,14.0,34.0,0.3
47,19.73,0.25,75.0,12.69,30.79,8.77,21.95,0.08,53.33,34.83,2.55,0.34,50.0,13.0,12.0,0.31
48,58.32,0.0,100.0,8.8,40.95,7.0,33.86,0.09,88.25,32.94,0.49,0.34,49.0,0.0,51.0,0.32
49,54.37,0.0,100.0,3.58,28.0,3.76,24.18,0.06,105.66,43.09,3.04,0.34,51.0,49.0,0.0,0.32
50,55.64,0.01,99.0,1.89,27.15,2.21,24.87,0.06,114.01,31.79,3.76,0.43,64.0,35.0,0.0,0.35
51,61.74,0.0,100.0,4.54,34.83,5.29,29.48,0.06,111.2,22.59,3.03,0.41,63.0,35.0,2.0,0.31
52,-3.58,0.32,68.0,12.29,32.27,8.46,23.74,0.08,68.88,36.35,4.55,0.46,47.0,0.0,21.0,0.32
53,61.52,0.0,100.0,4.1,44.67,4.97,39.64,0.06,122.19,42.21,2.84,0.37,56.0,44.0,0.0,0.33
54,67.56,0.02,98.0,13.51,36.54,9.11,27.37,0.07,94.43,39.13,37.99,0.17,42.0,39.0,17.0,0.3
55,59.47,0.03,97.0,8.02,36.56,5.55,30.93,0.09,75.45,33.78,4.23,0.23,51.0,17.0,29.0,0.32
56,54.99,0.0,100.0,10.41,47.88,6.83,40.98,0.07,106.85,19.04,3.33,0.26,33.0,53.0,14.0,0.28
57,64.79,0.0,100.0,16.0,61.07,10.0,51.02,0.05,138.44,39.34,3.08,0.34,49.0,51.0,0.0,0.33
58,33.33,0.0,100.0,4.5,39.43,4.88,34.5,0.06,115.84,22.13,0.66,0.67,100.0,0.0,0.0,0.37
59,32.49,0.02,98.0,2.08,48.33,2.07,46.2,0.06,80.8,21.98,2.66,0.63,94.0,3.0,1.0,0.33
60,64.72,0.0,100.0,1.41,28.57,1.61,26.9,0.05,140.66,40.2,1.46,0.33,50.0,50.0,0.0,0.34
61,18.89,0.21,79.0,9.06,29.53,7.63,21.85,0.06,40.52,12.7,3.65,0.41,49.0,30.0,0.0,0.33
62,37.92,0.0,100.0,4.0,59.79,3.62,56.06,0.1,105.64,27.55,0.85,0.5,25.0,0.0,75.0,0.33
63,47.97,0.07,93.0,5.59,27.03,4.46,22.49,0.07,51.5,16.37,2.9,0.34,59.0,12.0,22.0,0.33
64,56.59,0.07,93.0,5.27,38.21,5.49,32.62,0.09,77.9,34.19,2.24,0.19,39.0,14.0,40.0,0.33
65,62.42,0.0,100.0,6.28,32.98,6.42,26.5,0.05,123.91,42.36,1.97,0.34,49.0,51.0,0.0,0.3
66,65.02,0.02,98.0,5.71,32.2,6.07,26.04,0.09,70.53,20.76,3.28,0.2,20.0,29.0,49.0,0.32
67,52.82,0.01,99.0,9.84,43.56,6.84,36.65,0.07,77.96,36.89,2.12,0.25,32.0,15.0,52.0,0.29
68,15.5,0.18,82.0,6.98,41.16,6.65,34.41,0.1,102.31,28.43,1.66,0.37,22.0,7.0,53.0,0.32
69,58.23,0.0,100.0,1.42,41.57,1.56,39.96,0.05,113.39,46.21,1.95,0.37,56.0,44.0,0.0,0.33
70,36.68,0.05,95.0,13.16,53.74,8.95,44.69,0.1,81.17,23.88,1.33,0.4,2.0,34.0,59.0,0.31
71,34.63,0.16,84.0,7.14,34.76,6.73,27.95,0.08,52.97,17.96,3.85,0.21,34.0,12.0,38.0,0.33
72,58.51,0.0,100.0,4.07,39.12,4.81,34.26,0.05,106.84,35.65,4.2,0.41,39.0,61.0,0.0,0.33
73,62.86,0.0,100.0,4.9,30.54,4.92,25.56,0.05,133.31,37.67,2.57,0.35,52.0,48.0,0.0,0.32
74,57.37,0.01,99.0,12.46,40.24,8.11,32.08,0.05,116.45,30.27,2.15,0.42,63.0,36.0,0.0,0.3
75,52.26,0.01,99.0,2.52,26.28,3.11,23.11,0.06,113.86,27.26,0.86,0.38,42.0,57.0,0.0,0.28
76,55.54,0.0,100.0,5.89,22.29,5.08,17.16,0.05,127.02,32.92,2.76,0.41,62.0,38.0,0.0,0.29
77,57.18,0.05,95.0,4.51,43.22,5.32,37.85,0.05,130.94,32.24,2.87,0.32,47.0,46.0,2.0,0.28
78,49.82,0.05,95.0,6.32,32.09,6.04,26.0,0.05,109.47,28.09,1.8,0.44,32.0,63.0,0.0,0.28
79,61.2,0.01,99.0,4.95,33.92,4.02,29.84,0.06,112.96,39.6,3.06,0.39,39.0,59.0,1.0,0.29
80,69.35,0.07,93.0,11.46,34.42,7.98,26.37,0.07,87.45,37.31,3.55,0.11,30.0,39.0,24.0,0.28
81,62.48,0.01,99.0,5.79,32.05,5.39,26.61,0.05,95.49,29.34,2.45,0.37,44.0,55.0,0.0,0.34
82,34.74,0.13,87.0,6.31,34.05,5.93,28.02,0.09,82.4,35.73,3.4,0.37,39.0,0.0,48.0,0.27
83,38.93,0.18,82.0,4.41,27.19,4.73,22.39,0.07,92.76,27.41,6.42,0.07,26.0,32.0,24.0,0.28
84,38.64,0.11,89.0,1.0,31.01,1.0,29.93,0.08,85.3,24.15,3.29,0.37,0.0,50.0,39.0,0.33
85,20.5,0.18,82.0,1.62,32.62,1.9,30.63,0.09,115.31,34.49,1.82,0.27,16.0,17.0,49.0,0.35
86,77.34,0.01,99.0,15.15,41.45,9.65,31.74,0.07,100.98,32.64,3.08,0.11,39.0,38.0,22.0,0.35
87,46.36,0.16,84.0,4.77,27.16,3.77,23.31,0.08,61.13,24.07,2.58,0.14,36.0,18.0,30.0,0.35
88,-25.16,0.51,49.0,8.04,20.68,5.97,14.61,0.09,53.71,17.12,2.95,0.34,4.0,16.0,29.0,0.3
89,-37.18,0.58,42.0,6.5,16.48,5.71,10.67,0.1,39.82,17.95,3.18,0.37,7.0,6.0,29.0,0.3
90,-9.86,0.33,67.0,3.79,28.62,3.69,24.87,0.06,90.43,9.25,2.88,0.62,62.0,5.0,0.0,0.33
91,51.6,0.13,87.0,4.53,34.04,4.97,29.01,0.06,125.67,30.46,2.96,0.16,36.0,36.0,15.0,0.4
92,-19.28,0.49,51.0,4.39,20.34,3.9,16.35,0.09,74.56,34.97,1.7,0.34,25.0,0.0,26.0,0.4
93,21.74,0.22,78.0,2.22,23.28,2.64,20.56,0.08,88.99,33.23,2.18,0.27,30.0,40.0,8.0,0.35
94,-39.17,0.63,37.0,4.68,13.35,4.08,9.19,0.08,47.97,18.05,3.34,0.22,18.0,6.0,13.0,0.32
95,54.0,0.05,95.0,13.95,40.51,8.77,31.68,0.06,126.89,31.2,4.62,0.41,58.0,37.0,0.0,0.36
96,-64.25,0.77,23.0,7.91,13.48,5.98,7.39,0.11,32.63,24.09,2.33,0.29,4.0,5.0,14.0,0.31
97,81.07,0.05,95.0,6.17,36.52,5.86,30.59,0.07,105.2,32.13,2.35,0.11,38.0,35.0,22.0,0.34
98,46.9,0.07,93.0,3.71,35.98,3.95,31.96,0.07,102.61,36.41,0.92,0.42,60.0,1.0,32.0,0.34
99,-7.33,0.42,58.0,5.12,26.11,4.15,21.86,0.1,70.23,33.92,2.78,0.38,17.0,4.0,37.0,0.33
100,57.14,0.02,98.0,3.11,27.19,3.83,23.31,0.06,136.1,28.17,2.21,0.38,56.0,42.0,0.0,0.32
101,-3.24,0.38,62.0,4.42,23.76,4.52,19.16,0.08,61.98,16.31,3.92,0.31,33.0,4.0,25.0,0.32
102,62.38,0.0,100.0,6.73,25.84,4.98,20.8,0.06,115.57,25.87,2.28,0.37,55.0,45.0,0.0,0.41
103,54.95,0.03,97.0,11.36,36.0,7.6,28.33,0.06,113.13,42.97,2.86,0.43,62.0,35.0,0.0,0.42
104,68.46,0.01,99.0,11.7,30.46,8.43,21.96,0.07,121.51,38.45,4.1,0.2,43.0,43.0,13.0,0.45
105,37.55,0.15,85.0,4.24,26.48,4.82,21.6,0.06,113.66,35.91,2.38,0.3,42.0,39.0,4.0,0.47
106,28.89,0.18,82.0,1.44,26.55,1.61,24.88,0.06,93.47,36.76,1.4,0.37,30.0,49.0,3.0,0.36
107,64.83,0.0,100.0,1.77,27.03,2.06,24.92,0.05,139.34,40.04,2.52,0.34,51.0,49.0,0.0,0.43
108,-2.86,0.33,67.0,4.09,27.67,3.45,24.15,0.07,61.06,16.41,3.35,0.35,7.0,42.0,18.0,0.32
109,45.3,0.05,95.0,10.68,30.86,7.29,23.52,0.05,87.18,40.95,2.15,0.45,25.0,67.0,3.0,0.34
110,63.22,0.0,100.0,12.67,32.28,8.11,24.12,0.05,102.59,31.74,4.12,0.35,52.0,48.0,0.0,0.37
111,47.12,0.13,87.0,14.51,45.0,9.28,35.66,0.06,130.02,24.38,2.49,0.3,44.0,38.0,5.0,0.34
112,31.91,0.06,94.0,4.7,32.0,5.03,26.91,0.06,77.16,28.73,2.52,0.56,79.0,15.0,0.0,0.34
113,53.29,0.06,94.0,3.55,23.84,4.4,19.38,0.05,110.61,40.06,1.35,0.38,53.0,41.0,0.0,0.37
114,68.59,0.02,98.0,1.73,33.42,1.58,31.78,0.07,105.75,18.74,3.07,0.18,42.0,40.0,16.0,0.37
115,31.59,0.16,84.0,5.04,31.42,4.6,26.74,0.08,63.62,25.96,1.69,0.38,48.0,0.0,36.0,0.32
116,37.13,0.04,96.0,1.97,51.0,2.3,48.62,0.08,95.71,15.82,2.6,0.42,66.0,6.0,24.0,0.37
117,61.76,0.0,100.0,3.52,39.07,4.28,34.74,0.05,109.94,43.46,3.33,0.37,58.0,39.0,3.0,0.34
118,47.86,0.0,100.0,7.62,34.32,5.12,29.14,0.05,93.23,35.98,3.15,0.52,78.0,22.0,0.0,0.34
119,64.12,0.0,100.0,1.5,27.82,1.75,26.02,0.05,138.87,46.39,2.54,0.34,49.0,51.0,0.0,0.38
120,70.3,0.01,99.0,9.69,34.56,7.03,27.45,0.08,77.98,33.65,2.29,0.12,41.0,23.0,35.0,0.33
121,46.65,0.09,91.0,1.66,23.94,1.99,21.89,0.06,51.35,26.17,0.9,0.36,49.0,42.0,0.0,0.34
122,62.62,0.0,100.0,8.0,58.57,7.5,51.02,0.05,141.75,40.61,2.9,0.34,51.0,49.0,0.0,0.39
123,59.57,0.01,99.0,1.19,22.17,1.29,20.83,0.06,104.44,44.22,1.73,0.4,60.0,39.0,0.0,0.34
124,30.06,0.2,80.0,2.94,21.39,2.96,18.35,0.09,50.96,34.2,2.45,0.33,50.0,11.0,19.0,0.37
125,45.34,0.13,87.0,1.87,33.78,2.31,31.4,0.07,94.88,25.8,4.16,0.29,42.0,41.0,4.0,0.33
126,4.91,0.32,68.0,8.85,26.77,6.8,19.91,0.05,53.12,22.12,2.53,0.46,47.0,21.0,0.0,0.36
127,48.43,0.0,100.0,4.98,39.52,5.03,34.44,0.06,121.43,41.38,2.95,0.51,77.0,23.0,0.0,0.37
128,13.33,0.15,85.0,13.46,47.48,8.94,38.42,0.11,88.96,42.54,3.23,0.67,0.0,0.0,85.0,0.35
129,28.68,0.04,96.0,2.88,55.89,2.12,53.71,0.06,93.46,38.03,1.22,0.63,91.0,5.0,0.0,0.35
130,60.81,0.0,100.0,4.15,39.96,2.89,37.02,0.05,133.8,34.25,3.08,0.37,56.0,44.0,0.0,0.36
131,30.67,0.18,82.0,2.39,30.17,2.99,27.12,0.06,92.24,38.7,0.52,0.34,47.0,30.0,5.0,0.41
132,-15.92,0.4,60.0,11.25,26.65,7.15,19.43,0.07,56.24,31.22,1.35,0.37,39.0,6.0,15.0,0.34
133,9.44,0.39,61.0,6.62,15.32,5.29,9.93,0.1,41.01,13.42,1.79,0.23,26.0,28.0,7.0,0.4
134,-15.2,0.4,60.0,10.8,24.29,7.75,16.43,0.1,65.61,31.21,1.79,0.52,13.0,0.0,47.0,0.34
135,34.28,0.19,81.0,1.74,24.08,1.99,22.02,0.06,105.64,43.31,2.68,0.3,46.0,26.0,9.0,0.36
136,7.16,0.26,74.0,3.03,22.51,2.22,20.22,0.07,90.34,37.81,2.44,0.35,45.0,6.0,23.0,0.33
137,38.25,0.02,98.0,4.76,36.11,4.8,31.27,0.05,118.61,33.61,1.4,0.54,18.0,80.0,0.0,0.37
138,37.15,0.24,76.0,4.16,25.75,4.87,20.82,0.06,116.08,35.83,5.73,0.22,38.0,25.0,13.0,0.38
139,-30.55,0.55,45.0,13.67,27.36,8.6,18.71,0.05,45.44,12.81,1.41,0.46,31.0,14.0,0.0,0.29
140,43.48,0.05,95.0,5.01,29.91,5.23,24.59,0.1,68.57,24.98,2.95,0.31,58.0,23.0,14.0,0.35
141,-17.95,0.52,48.0,4.6,14.07,4.57,9.42,0.08,30.65,12.82,4.02,0.25,16.0,25.0,7.0,0.36
142,6.81,0.25,75.0,1.91,26.14,1.82,24.24,0.08,74.44,42.64,0.77,0.41,46.0,0.0,29.0,0.34
143,-4.23,0.29,71.0,11.62,28.99,7.6,21.32,0.07,77.81,36.44,0.95,0.6,64.0,0.0,7.0,0.35
144,39.49,0.15,85.0,2.02,42.35,2.53,39.76,0.05,103.54,41.38,1.7,0.34,42.0,43.0,0.0,0.36
145,-56.1,0.75,25.0,1.72,9.81,1.96,7.76,0.09,25.31,13.15,4.65,0.29,4.0,6.0,15.0,0.33
146,55.23,0.07,93.0,1.23,27.56,1.34,26.13,0.1,70.18,32.07,1.96,0.28,16.0,22.0,55.0,0.36
147,62.3,0.0,100.0,1.0,27.15,1.0,26.1,0.05,140.69,38.53,1.53,0.35,47.0,53.0,0.0,0.39
148,73.06,0.0,100.0,7.48,42.33,7.12,35.14,0.06,124.71,29.9,2.24,0.2,40.0,45.0,15.0,0.35
149,56.15,0.01,99.0,1.88,24.39,2.04,22.28,0.07,107.6,40.0,3.43,0.32,55.0,37.0,7.0,0.33
150,45.74,0.04,96.0,6.19,46.45,6.28,40.1,0.07,96.9,39.47,2.31,0.44,33.0,0.0,63.0,0.35
151,51.92,0.06,94.0,7.28,26.79,6.73,20.0,0.06,111.46,45.8,4.32,0.38,53.0,41.0,0.0,0.38
152,59.14,0.0,100.0,4.57,26.11,4.32,21.74,0.05,111.45,40.09,3.41,0.41,61.0,39.0,0.0,0.31
153,60.93,0.01,99.0,1.89,36.37,2.33,33.98,0.06,123.07,36.4,2.11,0.34,50.0,49.0,0.0,0.32
154,78.67,0.01,99.0,3.96,29.91,3.64,26.2,0.07,106.26,36.77,2.36,0.13,40.0,39.0,20.0,0.29
155,30.67,0.02,98.0,5.92,56.33,6.2,50.08,0.05,109.61,11.31,3.89,0.67,98.0,0.0,0.0,0.28
156,52.9,0.0,100.0,1.89,34.23,2.17,32.0,0.06,113.28,31.35,4.97,0.41,64.0,33.0,3.0,0.29
157,54.15,0.0,100.0,4.39,45.02,4.48,40.48,0.06,91.22,19.48,4.04,0.49,76.0,21.0,3.0,0.3
158,12.04,0.23,77.0,2.57,19.84,2.62,17.14,0.08,58.16,28.1,4.48,0.5,58.0,19.0,0.0,0.28
159,22.43,0.17,83.0,8.72,32.9,6.15,26.67,0.08,74.43,21.13,3.66,0.47,63.0,5.0,15.0,0.29
160,-9.94,0.48,52.0,5.44,19.27,4.6,14.58,0.1,45.28,14.6,3.88,0.23,12.0,11.0,29.0,0.28
161,63.52,0.0,100.0,2.47,36.88,2.37,34.46,0.05,134.34,30.89,3.46,0.35,48.0,52.0,0.0,0.32
162,-12.88,0.43,57.0,5.56,35.43,5.94,29.4,0.08,67.49,21.0,2.35,0.4,34.0,0.0,23.0,0.35
163,19.38,0.2,80.0,3.36,43.38,4.15,39.17,0.06,86.16,17.19,5.59,0.44,27.0,53.0,0.0,0.32
164,-4.11,0.3,70.0,1.21,70.22,1.13,69.03,0.06,155.27,38.48,0.81,0.66,0.0,69.0,1.0,0.39
165,11.17,0.32,68.0,1.0,35.08,1.0,34.03,0.05,147.4,23.21,2.29,0.34,33.0,35.0,0.0,0.33
166,2.87,0.23,77.0,1.97,70.09,1.58,68.44,0.06,74.28,2.99,2.12,0.64,3.0,74.0,0.0,0.36
167,-81.03,0.88,12.0,2.0,10.06,2.33,7.67,0.06,51.99,23.54,3.81,0.44,8.0,4.0,0.0,0.33
168,14.24,0.25,75.0,7.35,26.13,5.93,20.11,0.09,85.59,30.91,4.06,0.24,42.0,18.0,15.0,0.46
169,-5.78,0.31,69.0,3.52,55.69,4.36,51.22,0.11,91.8,38.63,0.3,0.56,11.0,0.0,58.0,0.4
170,48.82,0.02,98.0,11.2,42.12,8.41,33.65,0.06,110.4,31.54,7.38,0.48,71.0,27.0,0.0,0.34
171,42.37,0.03,97.0,6.0,51.6,5.62,45.9,0.09,64.24,13.14,3.59,0.36,53.0,0.0,44.0,0.33
172,41.18,0.17,83.0,5.13,21.29,4.76,16.46,0.07,33.37,9.12,1.12,0.29,33.0,43.0,7.0,0.41
173,62.65,0.01,99.0,3.23,31.68,4.04,27.58,0.06,100.82,40.04,2.75,0.29,55.0,32.0,12.0,0.39
174,65.52,0.0,100.0,3.94,43.04,4.92,38.06,0.06,124.82,42.63,0.85,0.21,44.0,43.0,13.0,0.41
175,63.11,0.0,100.0,1.72,32.99,2.08,30.86,0.05,127.46,38.87,2.22,0.34,49.0,51.0,0.0,0.33
176,11.22,0.18,82.0,8.0,64.69,7.5,57.12,0.06,74.66,5.81,3.07,0.55,2.0,70.0,10.0,0.32
177,46.24,0.21,79.0,11.06,28.72,7.04,21.57,0.11,63.78,24.71,1.12,0.08,31.0,22.0,26.0,0.33
178,36.46,0.1,90.0,3.27,22.28,4.08,18.13,0.06,124.09,33.94,2.88,0.4,36.0,54.0,0.0,0.39
179,31.47,0.19,81.0,5.17,30.75,5.31,25.38,0.06,60.84,17.06,1.91,0.35,47.0,29.0,5.0,0.42
180,61.21,0.0,100.0,2.34,41.36,2.92,38.38,0.05,129.35,36.17,9.54,0.38,43.0,57.0,0.0,0.43
181,3.6,0.31,69.0,6.49,23.71,5.04,18.58,0.08,64.75,24.97,2.08,0.28,39.0,10.0,20.0,0.32
182,61.48,0.01,99.0,6.02,57.72,5.74,51.88,0.1,126.09,34.01,2.45,0.42,20.0,8.0,71.0,0.35
183,63.62,0.0,100.0,3.7,26.48,4.6,21.82,0.06,120.11,28.34,3.09,0.35,47.0,53.0,0.0,0.35
184,25.7,0.2,80.0,9.2,33.93,7.88,26.0,0.06,130.2,44.51,3.92,0.38,46.0,34.0,0.0,0.34
185,61.25,0.03,97.0,7.05,41.37,6.78,34.54,0.06,135.15,36.51,2.52,0.27,42.0,47.0,8.0,0.34
186,2.11,0.33,67.0,2.06,30.94,1.99,28.9,0.06,104.65,19.32,3.87,0.47,48.0,18.0,1.0,0.32
187,-83.83,0.89,11.0,2.36,10.33,2.95,7.27,0.11,22.62,11.15,1.03,0.55,2.0,0.0,9.0,0.31
188,29.51,0.03,97.0,3.3,60.9,3.58,57.26,0.06,91.71,21.97,1.77,0.65,95.0,0.0,2.0,0.35
189,62.93,0.0,100.0,6.64,42.41,6.1,36.26,0.05,147.53,35.34,1.92,0.41,61.0,39.0,0.0,0.34
190,92.99,0.0,100.0,11.87,36.97,8.23,28.66,0.07,115.23,28.75,2.73,0.06,39.0,30.0,31.0,0.35
191,44.29,0.12,88.0,4.02,24.09,4.27,19.75,0.08,56.2,21.73,1.63,0.13,35.0,35.0,18.0,0.32
192,40.02,0.01,99.0,9.39,48.09,7.53,40.46,0.1,91.26,34.41,1.63,0.41,16.0,11.0,72.0,0.33
193,63.98,0.0,100.0,4.24,48.87,5.1,43.72,0.05,121.53,44.93,5.48,0.35,52.0,48.0,0.0,0.34
194,62.65,0.0,100.0,3.7,40.55,2.62,37.88,0.05,131.5,32.61,2.19,0.39,58.0,42.0,0.0,0.37
195,-12.27,0.45,55.0,5.91,17.28,3.95,13.27,0.07,44.89,22.84,2.88,0.39,39.0,9.0,7.0,0.33
196,49.43,0.09,91.0,1.0,33.97,1.0,32.9,0.07,110.19,39.21,2.47,0.26,42.0,42.0,7.0,0.36
197,53.49,0.0,100.0,6.42,28.19,4.83,23.3,0.05,97.88,31.94,2.12,0.34,51.0,49.0,0.0,0.35
198,72.26,0.0,100.0,7.03,45.16,6.55,38.54,0.07,126.86,42.5,1.92,0.19,42.0,43.0,15.0,0.34
199,54.76,0.08,92.0,3.24,30.87,3.72,27.09,0.06,87.92,32.16,2.07,0.38,30.0,57.0,5.0,0.37
200,58.68,0.02,98.0,6.57,40.49,6.07,34.37,0.05,125.5,41.66,1.15,0.4,59.0,39.0,0.0,0.37
201,48.0,0.08,92.0,3.13,31.25,3.59,27.61,0.06,121.54,35.23,2.61,0.43,60.0,32.0,0.0,0.34
202,27.37,0.08,92.0,5.4,26.72,4.24,22.37,0.11,77.49,26.41,0.88,0.46,9.0,10.0,73.0,0.35
203,56.5,0.0,100.0,5.92,39.43,4.6,34.78,0.05,132.43,38.7,2.77,0.42,63.0,37.0,0.0,0.37
204,65.17,0.0,100.0,2.56,50.12,2.8,47.26,0.06,139.85,45.62,4.34,0.35,53.0,47.0,0.0,0.36
205,9.76,0.31,69.0,8.74,23.1,6.38,16.61,0.11,43.56,17.5,3.92,0.35,11.0,11.0,47.0,0.34
206,36.9,0.0,100.0,5.36,47.23,5.66,41.46,0.11,86.8,29.78,1.11,0.63,5.0,0.0,95.0,0.34
207,41.86,0.01,99.0,6.87,31.6,5.91,25.58,0.12,68.21,29.39,1.99,0.48,8.0,11.0,80.0,0.33
208,42.02,0.16,84.0,8.95,29.42,6.96,22.36,0.1,70.45,21.23,1.54,0.19,16.0,40.0,28.0,0.34
209,-32.07,0.51,49.0,6.02,20.33,4.1,16.12,0.11,52.29,31.64,1.42,0.46,34.0,0.0,15.0,0.33
210,17.83,0.22,78.0,10.23,37.72,7.4,30.26,0.06,90.04,19.17,4.3,0.44,52.0,26.0,0.0,0.33
211,29.82,0.03,97.0,5.36,83.75,5.57,78.12,0.05,75.54,12.42,3.29,0.65,95.0,2.0,0.0,0.38
212,62.34,0.0,100.0,15.86,53.04,9.93,43.06,0.06,135.39,26.11,0.76,0.35,46.0,53.0,1.0,0.34
213,51.15,0.07,93.0,1.16,23.93,1.22,22.65,0.07,113.98,31.18,3.24,0.21,21.0,50.0,22.0,0.37
214,37.0,0.0,100.0,4.08,31.33,3.86,27.4,0.07,92.15,31.43,3.7,0.56,84.0,0.0,16.0,0.37
215,31.77,0.19,81.0,4.22,21.67,4.1,17.51,0.06,42.77,19.6,3.6,0.43,52.0,29.0,0.0,0.33
216,-28.7,0.47,53.0,3.94,20.46,4.09,16.3,0.06,70.15,43.07,3.39,0.64,51.0,2.0,0.0,0.31
217,62.21,0.01,99.0,8.27,42.32,5.36,36.87,0.09,154.75,41.09,1.96,0.2,27.0,21.0,51.0,0.36
218,85.18,0.0,100.0,14.04,34.67,9.32,25.28,0.07,127.53,34.53,3.98,0.15,25.0,47.0,28.0,0.33
219,-69.33,0.77,23.0,11.83,21.28,8.7,12.52,0.06,60.94,17.04,6.39,0.67,0.0,23.0,0.0,0.28
220,53.28,0.07,93.0,5.84,28.94,3.9,24.92,0.11,85.84,26.93,5.6,0.15,42.0,21.0,30.0,0.33
221,48.43,0.03,97.0,5.64,35.59,3.78,31.75,0.05,100.29,24.3,2.7,0.41,37.0,60.0,0.0,0.33
222,32.65,0.19,81.0,13.04,30.21,8.22,21.93,0.06,115.26,33.76,3.01,0.36,37.0,44.0,0.0,0.42
223,-38.13,0.61,39.0,2.85,14.72,3.51,11.13,0.08,38.09,14.28,2.05,0.27,9.0,23.0,7.0,0.32
224,50.23,0.16,84.0,6.63,32.65,6.43,26.14,0.07,92.8,39.42,2.6,0.12,34.0,31.0,19.0,0.32
225,17.09,0.19,81.0,4.16,22.27,4.65,17.56,0.06,65.95,19.8,3.07,0.44,53.0,28.0,0.0,0.33
226,-94.67,0.96,4.0,2.0,7.61,2.5,5.0,0.11,44.93,36.81,1.52,0.67,0.0,0.0,4.0,0.29
227,28.04,0.15,85.0,3.84,28.27,3.46,24.75,0.06,89.66,31.11,2.98,0.47,60.0,25.0,0.0,0.33
228,32.11,0.13,87.0,2.3,35.19,2.74,32.39,0.06,80.54,7.23,1.79,0.57,4.0,78.0,5.0,0.32
229,54.41,0.15,85.0,4.02,29.32,4.12,25.13,0.08,73.16,19.19,1.99,0.13,29.0,20.0,36.0,0.29
230,-22.47,0.48,52.0,5.94,22.51,4.73,17.69,0.09,68.27,25.85,1.72,0.36,1.0,22.0,29.0,0.35
231,46.78,0.09,91.0,11.45,32.11,7.68,24.37,0.05,112.5,31.84,2.28,0.37,51.0,39.0,1.0,0.36
232,20.56,0.21,79.0,1.78,31.22,2.18,28.99,0.05,116.98,38.17,2.11,0.41,31.0,48.0,0.0,0.28
233,67.33,0.02,98.0,1.52,22.43,1.78,20.59,0.06,119.91,37.46,3.09,0.2,43.0,42.0,13.0,0.28
234,2.9,0.25,75.0,12.05,38.4,8.77,29.57,0.06,91.84,29.69,0.54,0.55,63.0,1.0,11.0,0.33
235,-34.55,0.53,47.0,3.23,29.39,4.01,25.28,0.1,73.31,22.79,2.22,0.37,6.0,9.0,32.0,0.26
236,-1.35,0.35,65.0,10.65,27.5,7.15,20.28,0.07,62.22,21.09,1.71,0.4,40.0,24.0,1.0,0.3
237,61.24,0.0,100.0,8.95,31.61,7.15,24.4,0.06,138.56,39.19,2.21,0.39,41.0,59.0,0.0,0.34
238,60.25,0.0,100.0,10.12,42.39,6.85,35.46,0.08,148.13,42.68,3.97,0.09,29.0,29.0,42.0,0.32
239,51.57,0.0,100.0,3.04,33.87,3.72,30.1,0.05,97.82,25.7,3.38,0.44,66.0,34.0,0.0,0.32
240,77.91,0.0,100.0,7.73,35.64,5.42,30.14,0.08,116.32,36.86,2.84,0.13,36.0,22.0,42.0,0.31
241,40.22,0.1,90.0,3.43,36.56,4.24,32.27,0.05,110.7,44.59,2.37,0.35,43.0,47.0,0.0,0.42
242,33.26,0.11,89.0,4.88,42.41,4.69,37.66,0.06,107.99,28.71,3.55,0.52,19.0,70.0,0.0,0.33
243,-29.0,0.62,38.0,6.71,17.21,6.3,10.84,0.07,30.2,13.2,3.28,0.11,16.0,10.0,12.0,0.33
244,4.39,0.22,78.0,9.19,42.58,6.99,35.54,0.06,63.58,17.33,0.88,0.62,73.0,0.0,5.0,0.38
245,22.56,0.14,86.0,6.14,44.32,5.9,38.35,0.07,76.51,12.1,4.16,0.4,60.0,9.0,17.0,0.34
246,82.78,0.0,100.0,2.88,30.26,3.6,26.6,0.06,125.95,43.0,1.58,0.13,42.0,23.0,35.0,0.36
247,52.06,0.02,98.0,1.18,36.64,1.28,35.31,0.06,122.18,35.19,2.28,0.39,58.0,40.0,0.0,0.36
248,12.77,0.29,71.0,4.9,27.2,4.86,22.25,0.09,53.15,24.27,2.98,0.2,12.0,26.0,33.0,0.34
249,43.49,0.09,91.0,1.54,19.25,1.81,17.38,0.06,75.68,28.08,3.58,0.24,24.0,50.0,17.0,0.36
250,54.3,0.0,100.0,5.51,26.89,4.35,22.48,0.06,76.05,28.0,1.77,0.38,43.0,57.0,0.0,0.34
