#{"t_start": 1718647767.4506636, "env_id": "None"}
r,l,t,reward_step,action,reward,ep_block_prob,ep_accepted_requests,avg_deployment_cost,avg_total_latency,avg_access_latency,avg_processing_latency,avg_rtt,avg_dl,avg_ul,avg_jitter,gini,telia_requests,telenor_requests,ice_requests,executionTime
-20.576935,100,5.478941,-1.0,6.0,-20.58,0.59,41.0,8.29,16.02,6.95,8.98,0.09,53.98,30.71,2.26,0.18,9.0,12.0,20.0,0.0
-66.67419,100,8.412664,-1.0,21.0,-66.67,0.83,17.0,4.94,10.48,5.44,4.94,0.1,30.05,16.7,2.88,0.35,6.0,10.0,1.0,0.38
25.566795,100,11.708351,0.77,13.0,25.57,0.34,66.0,1.45,24.3,1.48,22.76,0.06,96.68,29.73,1.6,0.19,30.0,25.0,11.0,0.31
18.54884,100,14.181039,0.93,9.0,18.55,0.38,62.0,5.18,22.01,4.88,17.03,0.1,52.03,19.64,4.16,0.16,13.0,21.0,28.0,0.35
-21.232162,100,16.848416,-1.0,10.0,-21.23,0.59,41.0,6.05,19.84,6.16,13.61,0.07,41.07,29.91,6.57,0.05,15.0,14.0,12.0,0.35
45.671455,100,20.134377,-1.0,16.0,45.67,0.23,77.0,3.22,26.85,4.0,22.78,0.07,78.53,32.01,2.68,0.06,30.0,23.0,24.0,0.33
18.746773,100,23.050583,0.75,19.0,18.75,0.38,62.0,2.58,21.25,3.19,18.0,0.06,43.76,17.8,5.33,0.51,47.0,15.0,0.0,0.33
68.6612,100,25.453193,0.67,3.0,68.66,0.09,91.0,3.21,36.03,2.37,33.6,0.05,95.39,35.93,1.52,0.34,45.0,46.0,0.0,0.33
17.635485,100,28.110014,-1.0,22.0,17.64,0.38,62.0,3.56,25.53,3.09,22.39,0.06,54.09,30.54,2.39,0.53,49.0,13.0,0.0,0.35
-26.071783,100,30.685148,-1.0,13.0,-26.07,0.62,38.0,2.13,14.03,1.92,12.0,0.11,55.08,19.58,1.9,0.18,14.0,17.0,7.0,0.36
28.357029,100,33.284175,0.84,1.0,28.36,0.33,67.0,8.37,21.13,5.81,15.25,0.06,95.07,41.22,2.65,0.37,44.0,16.0,7.0,0.38
29.824291,100,35.81765,-1.0,18.0,29.82,0.32,68.0,2.85,22.71,3.47,19.18,0.06,97.21,39.94,1.82,0.44,23.0,45.0,0.0,0.35
62.477596,100,38.347863,0.78,13.0,62.48,0.14,86.0,2.92,27.46,3.58,23.81,0.07,112.44,26.75,3.05,0.05,33.0,26.0,27.0,0.36
-24.66206,100,40.556158,-1.0,6.0,-24.66,0.6,40.0,2.8,28.86,3.25,25.55,0.06,68.55,9.95,2.85,0.48,30.0,9.0,1.0,0.37
38.850063,100,43.295395,-1.0,18.0,38.85,0.26,74.0,6.16,30.55,5.57,24.92,0.06,69.7,28.71,3.03,0.57,63.0,11.0,0.0,0.35
-7.2254744,100,46.047939,-1.0,8.0,-7.23,0.52,48.0,3.96,17.06,4.11,12.88,0.07,46.12,22.42,3.38,0.42,32.0,14.0,2.0,0.37
74.31896,100,48.810986,0.76,21.0,74.32,0.07,93.0,9.87,31.02,6.99,23.96,0.07,115.65,30.53,1.95,0.11,25.0,41.0,27.0,0.36
20.94026,100,51.487945,-1.0,23.0,20.94,0.37,63.0,2.81,20.19,2.71,17.4,0.08,55.44,17.85,3.35,0.17,12.0,28.0,23.0,0.43
-32.035854,100,54.130055,-1.0,15.0,-32.04,0.65,35.0,3.17,14.9,3.23,11.6,0.07,32.54,6.88,6.34,0.15,7.0,15.0,13.0,0.34
-32.405403,100,56.688946,-1.0,24.0,-32.41,0.64,36.0,4.33,30.25,3.75,26.39,0.11,56.63,38.55,2.18,0.54,2.0,3.0,31.0,0.34
-47.44594,100,59.81897,-1.0,9.0,-47.45,0.73,27.0,2.44,13.8,3.06,10.67,0.08,45.64,25.72,5.19,0.44,18.0,0.0,9.0,0.34
6.3898163,100,62.26676,-1.0,22.0,6.39,0.45,55.0,1.82,16.69,2.09,14.51,0.09,34.32,13.05,2.71,0.05,17.0,17.0,21.0,0.35
-61.064163,100,65.222544,-1.0,16.0,-61.06,0.8,20.0,4.45,13.72,4.33,9.3,0.09,74.38,25.75,0.99,0.37,9.0,0.0,11.0,0.39
-35.87595,100,67.67957,0.91,19.0,-35.88,0.67,33.0,3.82,14.59,4.02,10.48,0.09,43.45,20.15,4.43,0.42,12.0,21.0,0.0,0.3
-23.559927,100,70.050204,0.87,9.0,-23.56,0.6,40.0,4.6,22.27,5.38,16.8,0.1,50.87,26.0,4.07,0.43,0.0,14.0,26.0,0.36
-43.86518,100,72.846277,0.86,7.0,-43.87,0.71,29.0,2.34,16.37,2.84,13.45,0.08,46.85,34.23,4.24,0.41,18.0,0.0,11.0,0.34
-17.214043,100,75.816113,-1.0,15.0,-17.21,0.57,43.0,2.74,18.86,3.33,15.44,0.1,81.81,32.51,4.16,0.23,20.0,5.0,18.0,0.35
-9.391405,100,78.931706,-1.0,12.0,-9.39,0.53,47.0,5.11,18.25,5.21,12.98,0.05,87.44,33.89,3.94,0.37,26.0,21.0,0.0,0.36
39.4144,100,81.283437,-1.0,17.0,39.41,0.28,72.0,2.29,16.22,2.72,13.44,0.05,134.1,38.57,3.16,0.33,34.0,37.0,1.0,0.36
-60.84803,100,83.743109,-1.0,4.0,-60.85,0.8,20.0,1.7,11.13,1.65,9.4,0.08,63.26,24.88,5.24,0.27,2.0,8.0,10.0,0.37
11.216583,100,86.238312,-1.0,20.0,11.22,0.42,58.0,3.1,20.71,3.28,17.34,0.09,38.68,10.97,4.28,0.18,10.0,22.0,26.0,0.34
-36.90549,100,88.699346,-1.0,17.0,-36.91,0.67,33.0,1.45,22.04,1.56,20.42,0.06,49.99,24.49,3.25,0.65,32.0,0.0,1.0,0.38
-2.4414086,100,91.122218,0.71,9.0,-2.44,0.48,52.0,1.4,30.61,1.59,28.96,0.06,58.59,26.29,2.5,0.47,15.0,37.0,0.0,0.36
15.415453,100,94.07867,-1.0,24.0,15.42,0.37,63.0,1.71,41.15,1.95,39.14,0.06,19.68,36.88,45.75,0.51,9.0,51.0,3.0,0.32
8.76414,100,96.885204,-1.0,12.0,8.76,0.44,56.0,1.62,14.81,1.86,12.89,0.06,71.15,34.22,1.57,0.35,11.0,37.0,8.0,0.32
51.989788,100,99.598374,0.87,7.0,51.99,0.21,79.0,1.85,19.18,2.07,17.04,0.08,67.33,24.83,2.49,0.24,30.0,39.0,10.0,0.36
-37.96187,100,102.167089,-1.0,24.0,-37.96,0.67,33.0,4.73,29.69,5.45,24.18,0.06,47.26,22.3,4.65,0.67,33.0,0.0,0.0,0.37
48.718964,100,104.468873,-1.0,2.0,48.72,0.2,80.0,4.94,34.7,4.76,29.88,0.07,49.12,35.43,63.5,0.35,12.0,54.0,14.0,0.33
7.3407784,100,106.953418,-1.0,6.0,7.34,0.44,56.0,2.64,20.88,3.3,17.5,0.08,54.32,24.68,2.93,0.23,26.0,7.0,23.0,0.28
-4.6221323,100,109.222898,-1.0,24.0,-4.62,0.5,50.0,5.36,23.09,5.8,17.2,0.09,66.66,22.79,7.42,0.43,18.0,0.0,32.0,0.29
-8.621842,100,111.43196,-1.0,18.0,-8.62,0.53,47.0,1.6,14.33,1.72,12.51,0.1,76.18,23.41,2.28,0.27,10.0,9.0,28.0,0.27
9.02069,100,113.431865,-1.0,2.0,9.02,0.43,57.0,6.32,21.88,5.96,15.86,0.05,86.49,36.31,11.83,0.14,13.0,25.0,19.0,0.28
-12.917834,100,115.578411,-1.0,13.0,-12.92,0.54,46.0,2.7,26.55,2.78,23.65,0.12,62.1,14.53,5.22,0.64,2.0,0.0,44.0,0.29
37.764587,100,117.973601,0.84,17.0,37.76,0.28,72.0,2.54,21.7,2.9,18.72,0.07,71.28,40.56,4.51,0.2,37.0,15.0,20.0,0.26
8.943047,100,120.390419,-1.0,17.0,8.94,0.43,57.0,2.79,22.2,3.19,18.95,0.06,55.33,25.26,4.29,0.41,35.0,22.0,0.0,0.3
12.419721,100,122.715776,0.77,13.0,12.42,0.41,59.0,3.9,23.6,4.83,18.71,0.06,45.59,33.43,1.71,0.45,40.0,19.0,0.0,0.35
54.129074,100,124.932398,0.83,3.0,54.13,0.17,83.0,10.7,35.18,7.89,27.23,0.06,67.38,27.28,56.61,0.39,15.0,58.0,10.0,0.3
29.883114,100,127.410172,-1.0,18.0,29.88,0.32,68.0,3.85,22.5,3.97,18.44,0.09,35.25,13.07,2.96,0.24,22.0,35.0,11.0,0.31
57.96722,100,129.866998,0.87,7.0,57.97,0.17,83.0,2.42,24.13,2.66,21.42,0.05,78.35,36.18,2.33,0.43,53.0,30.0,0.0,0.3
64.40948,100,131.81622,-1.0,5.0,64.41,0.14,86.0,2.29,22.09,2.8,19.23,0.07,73.35,36.21,2.23,0.27,50.0,21.0,15.0,0.32
14.170908,100,134.456883,-1.0,11.0,14.17,0.39,61.0,2.28,31.67,2.57,29.05,0.06,55.07,21.47,1.95,0.63,58.0,0.0,3.0,0.29
39.404522,100,136.838303,0.81,9.0,39.4,0.26,74.0,4.97,28.76,5.41,23.27,0.09,42.36,24.51,3.66,0.49,20.0,54.0,0.0,0.33
37.39297,100,139.193066,0.94,7.0,37.39,0.28,72.0,5.25,22.93,5.59,17.28,0.06,70.11,31.35,2.57,0.31,44.0,17.0,11.0,0.29
30.359457,100,141.566689,0.85,9.0,30.36,0.32,68.0,9.29,20.82,7.39,13.38,0.05,84.49,28.26,4.17,0.42,43.0,25.0,0.0,0.33
17.514305,100,143.521276,0.88,23.0,17.51,0.39,61.0,1.79,18.58,1.96,16.52,0.09,40.7,14.6,4.2,0.24,11.0,17.0,33.0,0.27
-26.080175,100,145.673669,-1.0,10.0,-26.08,0.61,39.0,3.59,26.0,3.03,22.87,0.11,57.06,37.35,1.6,0.44,28.0,2.0,9.0,0.3
0.10793674,100,147.801068,0.91,17.0,0.11,0.48,52.0,3.42,18.89,3.25,15.54,0.1,29.99,16.69,3.28,0.24,19.0,26.0,7.0,0.26
-28.459791,100,149.949637,-1.0,7.0,-28.46,0.63,37.0,2.65,16.89,2.91,13.89,0.09,62.56,33.9,2.89,0.34,4.0,10.0,23.0,0.28
-60.761974,100,152.113417,-1.0,5.0,-60.76,0.8,20.0,1.3,10.11,1.45,8.6,0.06,97.05,36.69,4.19,0.33,10.0,10.0,0.0,0.31
-49.506264,100,154.087719,-1.0,23.0,-49.51,0.74,26.0,2.12,14.85,2.63,12.15,0.06,101.01,33.37,5.07,0.54,5.0,21.0,0.0,0.32
-57.40727,100,156.453693,0.88,5.0,-57.41,0.78,22.0,7.09,16.29,6.93,9.27,0.08,33.94,29.61,3.22,0.18,6.0,5.0,11.0,0.3
-43.96273,100,158.926702,-1.0,24.0,-43.96,0.71,29.0,2.0,17.18,2.5,14.62,0.05,121.35,46.29,1.1,0.37,16.0,13.0,0.0,0.27
-41.55539,100,161.363367,0.9,19.0,-41.56,0.7,30.0,6.2,13.39,4.73,8.6,0.06,72.62,31.55,3.39,0.47,21.0,9.0,0.0,0.29
-53.0358,100,163.938371,-1.0,6.0,-53.04,0.76,24.0,3.62,11.31,4.06,7.17,0.09,50.25,25.13,1.54,0.22,13.0,6.0,5.0,0.28
-56.77749,100,165.874659,-1.0,24.0,-56.78,0.78,22.0,4.36,9.45,4.45,4.91,0.08,46.29,18.66,5.99,0.39,13.0,9.0,0.0,0.27
-26.847042,100,168.065225,-1.0,5.0,-26.85,0.62,38.0,5.05,18.91,5.66,13.16,0.09,39.67,12.79,3.35,0.4,0.0,15.0,23.0,0.28
-8.406323,100,170.232758,0.79,9.0,-8.41,0.52,48.0,2.42,22.94,2.76,20.12,0.05,129.48,28.71,1.91,0.33,24.0,24.0,0.0,0.34
-30.333914,100,172.723538,-1.0,2.0,-30.33,0.64,36.0,5.33,16.49,5.28,11.11,0.11,61.61,26.54,3.81,0.26,8.0,7.0,21.0,0.29
-11.001837,100,174.730466,0.85,3.0,-11.0,0.54,46.0,9.33,16.6,6.4,10.13,0.06,104.79,23.58,3.72,0.45,15.0,31.0,0.0,0.27
-38.37949,100,177.317564,-1.0,23.0,-38.38,0.68,32.0,6.25,18.77,5.39,13.31,0.07,95.11,31.06,2.77,0.23,16.0,11.0,5.0,0.26
34.634758,100,180.381832,0.89,23.0,34.63,0.29,71.0,10.31,25.79,8.03,17.66,0.1,61.45,22.48,1.88,0.35,11.0,12.0,48.0,0.37
65.78334,100,182.752962,0.94,1.0,65.78,0.12,88.0,2.1,28.75,2.05,26.64,0.06,95.13,39.28,2.11,0.36,47.0,41.0,0.0,0.37
67.812416,100,184.72825,0.76,3.0,67.81,0.11,89.0,6.65,28.36,6.46,21.84,0.05,103.0,36.18,2.22,0.36,41.0,48.0,0.0,0.3
-8.613128,100,186.758515,-1.0,15.0,-8.61,0.52,48.0,3.46,23.97,3.28,20.62,0.06,55.41,29.9,2.89,0.64,46.0,0.0,2.0,0.27
-10.950527,100,189.007187,-1.0,2.0,-10.95,0.53,47.0,1.55,26.17,1.78,24.3,0.1,87.54,27.38,2.34,0.48,0.0,13.0,34.0,0.29
21.981035,100,191.250201,0.83,3.0,21.98,0.36,64.0,5.19,23.48,5.08,18.34,0.06,117.43,31.69,1.95,0.43,23.0,41.0,0.0,0.26
-3.4446208,100,193.262291,-1.0,4.0,-3.44,0.49,51.0,6.43,26.51,6.32,20.08,0.11,69.54,19.3,2.05,0.55,5.0,2.0,44.0,0.29
8.494568,100,195.582093,-1.0,16.0,8.49,0.43,57.0,4.16,24.08,3.99,20.0,0.09,81.2,22.93,1.9,0.37,25.0,0.0,32.0,0.25
83.708405,100,197.869436,-1.0,9.0,83.71,0.02,98.0,2.85,30.98,2.44,28.47,0.07,121.1,39.97,3.11,0.14,41.0,37.0,20.0,0.28
81.21959,100,200.126045,0.7,15.0,81.22,0.03,97.0,3.79,32.49,4.64,27.79,0.06,104.55,28.79,3.81,0.44,31.0,65.0,1.0,0.29
72.442276,100,202.19684,-1.0,7.0,72.44,0.03,97.0,3.51,54.12,4.0,50.06,0.05,133.44,33.32,2.81,0.56,16.0,81.0,0.0,0.3
28.90865,100,204.184379,0.61,13.0,28.91,0.3,70.0,3.3,38.87,3.14,35.66,0.08,98.19,22.78,2.87,0.45,47.0,0.0,23.0,0.3
-3.953302,100,206.694698,-1.0,6.0,-3.95,0.47,53.0,2.34,45.88,2.83,42.94,0.11,99.35,27.35,5.96,0.58,5.0,1.0,47.0,0.28
65.94981,100,209.420556,0.72,21.0,65.95,0.12,88.0,1.0,28.3,1.0,27.23,0.07,116.47,36.74,2.78,0.14,32.0,37.0,19.0,0.26
83.20002,100,211.942151,0.76,1.0,83.2,0.03,97.0,1.99,27.61,2.48,25.07,0.05,145.44,41.65,0.87,0.34,50.0,47.0,0.0,0.29
73.7268,100,214.514168,0.94,9.0,73.73,0.07,93.0,11.23,32.54,8.01,24.47,0.06,96.5,38.84,2.96,0.39,60.0,27.0,6.0,0.29
56.899788,100,216.553534,0.99,11.0,56.9,0.17,83.0,8.4,27.2,5.92,21.23,0.06,99.25,19.25,4.01,0.43,54.0,28.0,1.0,0.31
2.0115871,100,219.015684,-1.0,0.0,2.01,0.46,54.0,7.74,27.5,6.34,21.07,0.09,62.9,36.67,2.96,0.36,29.0,0.0,25.0,0.29
51.234795,100,221.006088,0.83,13.0,51.23,0.21,79.0,2.78,21.47,3.38,18.03,0.06,88.46,38.51,2.97,0.45,53.0,26.0,0.0,0.26
-22.836792,100,223.510983,-1.0,18.0,-22.84,0.6,40.0,4.4,17.95,3.81,14.05,0.09,53.78,33.37,4.17,0.35,21.0,0.0,19.0,0.28
33.42763,100,226.231539,-1.0,4.0,33.43,0.29,71.0,4.39,29.86,4.93,24.87,0.05,120.0,39.02,2.77,0.4,28.0,43.0,0.0,0.26
-4.472072,100,228.492638,0.98,11.0,-4.47,0.5,50.0,8.78,22.38,7.36,14.96,0.06,97.48,35.27,4.52,0.29,24.0,24.0,2.0,0.28
-41.605278,100,230.559556,-1.0,20.0,-41.61,0.7,30.0,1.5,13.79,1.73,12.0,0.06,75.56,33.52,3.17,0.64,29.0,1.0,0.0,0.28
-2.6438382,100,232.742626,0.94,21.0,-2.64,0.48,52.0,3.25,31.54,2.59,28.88,0.06,68.09,34.58,1.1,0.51,43.0,6.0,3.0,0.25
77.58458,100,235.188242,0.75,19.0,77.58,0.05,95.0,9.77,32.23,6.6,25.56,0.08,116.96,42.14,4.34,0.13,41.0,22.0,32.0,0.28
71.01028,100,237.988875,0.62,1.0,71.01,0.07,93.0,6.6,39.52,5.65,33.81,0.07,83.14,26.84,2.75,0.14,44.0,24.0,25.0,0.35
76.65879,100,240.339127,0.72,21.0,76.66,0.06,94.0,2.63,29.84,2.72,27.06,0.05,113.44,43.22,1.15,0.43,60.0,34.0,0.0,0.32
47.4021,100,242.677343,0.69,3.0,47.4,0.2,80.0,3.85,38.64,4.78,33.8,0.06,117.85,25.97,2.82,0.25,37.0,36.0,7.0,0.34
-25.151031,100,245.080964,0.91,17.0,-25.15,0.61,39.0,8.03,20.31,5.63,14.62,0.07,65.45,28.53,3.4,0.55,32.0,0.0,7.0,0.31
-16.888811,100,247.31916,0.86,19.0,-16.89,0.57,43.0,3.19,17.06,3.93,13.07,0.06,130.08,38.44,6.13,0.45,29.0,14.0,0.0,0.26
3.444602,100,249.62097,0.85,19.0,3.44,0.45,55.0,5.38,29.49,5.32,24.11,0.06,66.0,36.07,3.12,0.61,50.0,5.0,0.0,0.28
63.559444,100,251.895835,0.67,19.0,63.56,0.11,89.0,1.09,39.78,1.13,38.58,0.06,133.38,36.32,3.64,0.25,40.0,41.0,8.0,0.31
57.960957,100,253.957676,0.67,1.0,57.96,0.14,86.0,3.77,40.02,4.71,35.26,0.05,126.06,30.46,2.6,0.37,38.0,48.0,0.0,0.29
31.314196,100,256.311503,0.84,17.0,31.31,0.3,70.0,9.07,30.66,7.19,23.37,0.1,63.64,39.14,3.94,0.43,25.0,0.0,45.0,0.33
2.2270074,100,258.838407,-1.0,2.0,2.23,0.46,54.0,2.81,26.55,3.52,22.96,0.07,56.11,30.5,2.21,0.48,39.0,15.0,0.0,0.28
44.04314,100,261.316279,0.72,19.0,44.04,0.23,77.0,1.14,31.91,1.19,30.65,0.06,99.42,40.66,4.32,0.28,35.0,37.0,5.0,0.27
-21.5882,100,263.571935,0.77,19.0,-21.59,0.59,41.0,1.73,21.92,1.94,19.9,0.08,53.63,38.0,2.34,0.57,35.0,6.0,0.0,0.28
70.96127,100,265.905108,0.69,9.0,70.96,0.08,92.0,11.03,34.87,7.1,27.72,0.06,115.54,40.69,3.03,0.43,60.0,32.0,0.0,0.27
29.478712,100,268.480816,-1.0,20.0,29.48,0.31,69.0,9.28,30.52,6.9,23.54,0.08,85.29,24.4,3.56,0.21,33.0,11.0,25.0,0.28
-1.1093735,100,270.767634,0.67,11.0,-1.11,0.47,53.0,2.06,33.06,1.82,31.13,0.11,87.85,23.95,3.72,0.43,5.0,9.0,39.0,0.35
-47.68417,100,272.77004,-1.0,0.0,-47.68,0.73,27.0,10.07,15.91,7.04,8.81,0.06,45.06,13.1,4.47,0.35,14.0,13.0,0.0,0.27
0.08741641,100,274.751158,-1.0,0.0,0.09,0.45,55.0,3.89,44.07,4.68,39.31,0.08,117.72,35.61,1.61,0.55,10.0,0.0,45.0,0.27
0.09768269,100,277.499168,0.87,17.0,0.1,0.48,52.0,2.73,18.94,3.31,15.54,0.09,54.72,21.15,3.28,0.24,19.0,7.0,26.0,0.26
49.392124,100,279.800015,0.75,7.0,49.39,0.21,79.0,4.59,27.04,3.22,23.77,0.05,133.78,35.27,1.17,0.31,39.0,38.0,2.0,0.27
22.849861,100,282.356313,-1.0,18.0,22.85,0.34,66.0,9.91,34.13,6.76,27.3,0.07,113.74,36.34,4.09,0.42,3.0,45.0,18.0,0.31
70.37305,100,284.392078,0.7,7.0,70.37,0.09,91.0,3.4,31.54,4.2,27.27,0.06,109.44,39.08,1.56,0.34,52.0,33.0,6.0,0.3
46.962223,100,286.755084,0.71,13.0,46.96,0.22,78.0,5.01,28.69,5.22,23.41,0.06,59.73,24.69,10.73,0.44,52.0,26.0,0.0,0.3
58.55718,100,288.818507,0.66,11.0,58.56,0.14,86.0,2.48,38.36,2.27,36.0,0.09,104.35,24.31,0.94,0.34,1.0,45.0,40.0,0.27
30.229641,100,291.496235,0.76,9.0,30.23,0.31,69.0,3.9,27.91,4.01,23.83,0.08,74.67,40.19,2.55,0.12,17.0,29.0,23.0,0.31
83.37978,100,293.732392,0.64,3.0,83.38,0.0,100.0,9.77,40.72,8.01,32.66,0.05,128.72,42.29,6.31,0.36,46.0,54.0,0.0,0.27
-6.2918873,100,296.399916,-1.0,16.0,-6.29,0.51,49.0,1.41,21.93,1.61,20.24,0.08,33.59,29.29,5.5,0.38,34.0,9.0,6.0,0.29
70.823,100,298.753153,0.85,1.0,70.82,0.11,89.0,1.53,20.27,1.7,18.52,0.05,119.04,43.13,1.84,0.43,57.0,32.0,0.0,0.28
62.907,100,301.102046,0.82,13.0,62.91,0.14,86.0,2.19,26.27,2.62,23.58,0.07,73.3,30.3,4.12,0.56,72.0,0.0,14.0,0.38
58.602516,100,303.39513,-1.0,4.0,58.6,0.15,85.0,1.81,33.05,2.22,30.78,0.05,134.73,39.68,2.81,0.38,49.0,36.0,0.0,0.29
-16.894543,100,305.661134,-1.0,4.0,-16.89,0.57,43.0,1.49,17.09,1.73,15.26,0.1,47.6,30.95,2.88,0.48,1.0,10.0,32.0,0.28
-31.84198,100,307.715383,-1.0,22.0,-31.84,0.64,36.0,4.83,26.51,4.17,22.22,0.12,58.16,24.97,8.47,0.65,1.0,0.0,35.0,0.28
-38.721592,100,310.797472,-1.0,16.0,-38.72,0.68,32.0,4.31,21.33,4.45,16.81,0.06,55.28,41.49,2.46,0.65,31.0,0.0,1.0,0.3
39.42323,100,313.388629,0.67,15.0,39.42,0.24,76.0,4.53,40.55,5.23,35.26,0.06,119.49,34.4,2.09,0.34,39.0,37.0,0.0,0.34
1.8771515,100,316.011185,-1.0,9.0,1.88,0.46,54.0,1.56,28.1,1.33,26.7,0.06,55.76,40.18,1.11,0.67,54.0,0.0,0.0,0.34
57.479366,100,318.361566,0.82,21.0,57.48,0.16,84.0,1.0,30.93,1.0,29.88,0.05,93.58,35.97,1.48,0.42,31.0,53.0,0.0,0.34
27.066084,100,320.356752,0.92,21.0,27.07,0.33,67.0,3.46,25.73,4.33,21.34,0.06,134.15,44.07,2.17,0.25,24.0,34.0,9.0,0.29
-53.988934,100,322.860077,0.82,7.0,-53.99,0.76,24.0,1.0,20.81,1.0,19.75,0.06,64.07,31.34,4.38,0.58,21.0,3.0,0.0,0.27
48.307163,100,325.141675,0.69,3.0,48.31,0.2,80.0,1.7,35.93,1.65,34.23,0.06,125.29,36.43,0.91,0.24,35.0,37.0,8.0,0.27
-14.607861,100,327.471653,0.76,3.0,-14.61,0.55,45.0,8.89,25.47,7.22,18.18,0.07,78.48,31.65,2.69,0.39,4.0,30.0,11.0,0.29
16.194937,100,329.755261,0.88,11.0,16.19,0.4,60.0,2.12,16.16,2.52,13.57,0.07,50.14,25.92,1.87,0.3,37.0,10.0,13.0,0.31
83.38757,100,332.724734,0.67,9.0,83.39,0.01,99.0,1.3,36.28,1.18,35.03,0.06,110.31,45.63,3.38,0.4,60.0,39.0,0.0,0.3
65.67857,100,335.506548,0.6,21.0,65.68,0.08,92.0,7.61,48.6,7.17,41.37,0.05,108.81,44.06,3.88,0.31,45.0,45.0,2.0,0.32
17.256386,100,338.180871,0.67,7.0,17.26,0.37,63.0,3.02,34.17,3.61,30.48,0.08,60.44,38.4,3.61,0.41,41.0,2.0,20.0,0.38
8.276926,100,340.674258,0.92,3.0,8.28,0.41,59.0,3.54,40.39,2.53,37.8,0.06,82.43,31.36,3.25,0.51,1.0,12.0,46.0,0.37
84.807495,100,343.488088,0.77,21.0,84.81,0.03,97.0,2.01,23.65,2.31,21.28,0.06,129.89,38.15,1.5,0.3,46.0,47.0,4.0,0.27
51.01202,100,346.043002,-1.0,14.0,51.01,0.19,81.0,3.19,33.42,3.49,29.88,0.06,110.11,43.97,3.16,0.39,47.0,34.0,0.0,0.33
82.93533,100,348.505107,0.87,1.0,82.94,0.03,97.0,1.63,28.26,1.94,26.27,0.05,140.19,40.66,2.53,0.36,45.0,52.0,0.0,0.29
-2.3134284,100,351.019582,-1.0,4.0,-2.31,0.48,52.0,8.77,30.02,7.08,22.85,0.09,69.74,21.84,4.98,0.36,16.0,4.0,32.0,0.3
-64.88808,100,353.267499,-1.0,15.0,-64.89,0.82,18.0,2.33,12.79,2.92,9.78,0.1,29.51,12.93,5.11,0.37,4.0,2.0,12.0,0.28
80.185425,100,355.624133,0.71,19.0,80.19,0.04,96.0,2.5,30.41,1.97,28.38,0.07,117.6,28.84,1.85,0.06,35.0,35.0,26.0,0.28
74.05225,100,358.342382,0.67,3.0,74.05,0.06,94.0,1.09,36.46,1.13,35.28,0.06,103.64,42.81,1.86,0.3,48.0,40.0,6.0,0.29
78.11426,100,360.334776,0.7,13.0,78.11,0.05,95.0,1.0,30.9,1.0,29.83,0.07,114.65,43.17,2.03,0.32,51.0,38.0,6.0,0.27
2.8322928,100,362.813872,0.84,5.0,2.83,0.46,54.0,5.41,23.87,5.37,18.41,0.09,57.08,40.0,3.16,0.4,22.0,0.0,32.0,0.3
53.10352,100,364.946057,0.71,1.0,53.1,0.18,82.0,2.17,32.76,2.61,30.1,0.05,96.17,42.75,1.74,0.33,44.0,34.0,4.0,0.37
12.980984,100,366.975234,-1.0,17.0,12.98,0.41,59.0,4.64,21.33,5.13,16.14,0.07,43.41,40.96,3.21,0.21,31.0,16.0,12.0,0.39
24.248726,100,369.455925,0.67,13.0,24.25,0.33,67.0,8.36,35.78,7.54,28.18,0.07,74.0,37.27,1.97,0.54,58.0,4.0,5.0,0.28
87.321045,100,371.945618,0.79,3.0,87.32,0.01,99.0,7.22,26.78,6.78,19.94,0.06,115.94,36.61,2.82,0.19,39.0,44.0,16.0,0.27
69.31832,100,374.206494,0.83,13.0,69.32,0.11,89.0,1.48,24.31,1.72,22.54,0.06,124.1,40.4,2.18,0.34,43.0,46.0,0.0,0.28
73.44742,100,376.736096,0.75,19.0,73.45,0.08,92.0,2.85,28.41,3.23,25.11,0.07,117.78,37.49,5.03,0.14,41.0,30.0,21.0,0.31
34.16341,100,379.437021,-1.0,23.0,34.16,0.29,71.0,7.66,27.38,7.29,20.03,0.06,74.7,31.22,3.21,0.37,39.0,32.0,0.0,0.28
58.12876,100,381.954045,0.77,7.0,58.13,0.17,83.0,5.89,23.67,5.59,18.0,0.07,89.64,28.48,5.18,0.22,36.0,37.0,10.0,0.27
-48.931522,100,384.163239,0.93,23.0,-48.93,0.74,26.0,2.62,9.56,3.1,6.38,0.08,15.02,5.32,5.33,0.05,8.0,10.0,8.0,0.29
75.46426,100,386.419327,-1.0,8.0,75.46,0.04,96.0,1.3,42.17,1.34,40.77,0.05,138.73,39.4,2.13,0.33,48.0,48.0,0.0,0.26
6.7172194,100,388.694404,-1.0,11.0,6.72,0.44,56.0,2.98,23.55,3.5,19.96,0.08,71.2,26.26,4.12,0.31,32.0,6.0,18.0,0.3
71.453674,100,391.461769,-1.0,12.0,71.45,0.09,91.0,4.36,28.7,3.43,25.21,0.06,119.53,39.12,1.78,0.21,46.0,28.0,17.0,0.28
72.164894,100,393.543445,0.91,15.0,72.16,0.07,93.0,12.39,36.55,7.98,28.52,0.06,117.63,35.24,3.15,0.38,40.0,53.0,0.0,0.29
-16.654118,100,395.543458,-1.0,9.0,-16.65,0.57,43.0,3.21,15.75,3.42,12.23,0.1,51.15,31.53,5.04,0.47,13.0,0.0,30.0,0.29
70.139786,100,397.830538,0.56,5.0,70.14,0.07,93.0,3.29,41.76,4.05,37.61,0.09,101.79,38.48,1.81,0.38,40.0,0.0,53.0,0.28
86.659325,100,400.105709,0.77,1.0,86.66,0.01,99.0,3.52,28.38,3.69,24.63,0.06,101.92,42.2,4.91,0.24,54.0,26.0,19.0,0.29
85.03028,100,402.766058,0.76,23.0,85.03,0.01,99.0,1.93,32.31,2.39,29.86,0.06,128.03,41.77,1.75,0.05,36.0,35.0,28.0,0.28
67.20946,100,405.24252,-1.0,11.0,67.21,0.12,88.0,12.86,24.87,8.21,16.61,0.05,96.44,39.48,2.88,0.34,43.0,45.0,0.0,0.29
81.045876,100,407.303141,0.78,19.0,81.05,0.04,96.0,4.34,28.27,3.62,24.58,0.06,103.82,40.16,1.82,0.26,26.0,54.0,16.0,0.4
-28.38114,100,409.561386,-1.0,22.0,-28.38,0.63,37.0,5.03,16.38,4.57,11.73,0.08,21.83,30.7,4.04,0.59,33.0,4.0,0.0,0.31
-14.185613,100,411.909789,-1.0,6.0,-14.19,0.56,44.0,2.3,12.87,2.73,10.05,0.1,39.56,15.28,4.25,0.33,8.0,7.0,29.0,0.28
37.758556,100,414.132181,0.78,19.0,37.76,0.27,73.0,10.7,27.98,7.1,20.82,0.06,114.6,39.22,1.04,0.47,52.0,21.0,0.0,0.28
11.010946,100,416.158522,-1.0,5.0,11.01,0.42,58.0,5.34,21.56,4.57,16.93,0.06,112.62,26.41,1.8,0.33,29.0,29.0,0.0,0.26
-76.429955,100,418.567143,0.93,19.0,-76.43,0.88,12.0,3.0,9.56,3.33,6.17,0.06,39.23,9.99,3.43,0.28,7.0,3.0,2.0,0.29
-58.784405,100,421.057735,-1.0,19.0,-58.78,0.79,21.0,2.38,9.93,2.98,6.86,0.09,31.72,17.11,3.43,0.32,5.0,3.0,13.0,0.34
56.34789,100,423.234831,0.77,15.0,56.35,0.18,82.0,3.49,23.3,4.32,18.93,0.06,120.12,36.19,3.05,0.39,34.0,48.0,0.0,0.27
33.656162,100,425.416407,-1.0,11.0,33.66,0.3,70.0,3.41,22.66,3.34,19.26,0.07,111.56,33.47,2.35,0.27,37.0,24.0,9.0,0.28
43.56659,100,427.924917,0.85,23.0,43.57,0.24,76.0,12.32,27.52,8.85,18.61,0.07,109.74,24.51,3.08,0.22,40.0,21.0,15.0,0.3
21.188272,100,430.147458,-1.0,20.0,21.19,0.36,64.0,10.61,26.44,6.77,19.59,0.08,102.88,38.1,1.75,0.03,20.0,21.0,23.0,0.31
-21.98416,100,432.403111,-1.0,17.0,-21.98,0.6,40.0,2.85,12.86,3.56,9.2,0.09,41.35,19.52,2.19,0.1,16.0,14.0,10.0,0.28
23.622675,100,434.634938,0.78,1.0,23.62,0.35,65.0,2.77,24.45,3.09,21.29,0.06,123.68,40.13,1.26,0.21,25.0,30.0,10.0,0.27
73.90851,100,436.843301,0.8,17.0,73.91,0.07,93.0,4.67,32.07,4.87,27.14,0.07,122.4,23.99,1.39,0.09,34.0,36.0,23.0,0.3
-43.48316,100,438.994628,-1.0,15.0,-43.48,0.71,29.0,4.1,13.22,3.69,9.45,0.09,52.05,14.96,1.77,0.37,0.0,13.0,16.0,0.28
-1.9226987,100,441.47316,-1.0,15.0,-1.92,0.49,51.0,3.06,19.38,3.15,16.16,0.08,71.48,32.68,2.1,0.03,17.0,16.0,18.0,0.26
69.37853,100,443.79697,0.81,15.0,69.38,0.11,89.0,7.74,24.15,6.16,17.93,0.06,120.8,40.58,1.38,0.21,35.0,41.0,13.0,0.3
6.972577,100,446.258863,-1.0,23.0,6.97,0.44,56.0,11.43,22.46,8.57,13.82,0.06,57.67,29.91,3.74,0.42,35.0,21.0,0.0,0.31
89.19069,100,448.787018,0.77,13.0,89.19,0.0,100.0,5.08,26.83,5.5,21.28,0.05,129.19,37.94,3.82,0.38,57.0,43.0,0.0,0.28
86.191185,100,451.072994,0.72,3.0,86.19,0.01,99.0,1.87,29.51,2.18,27.25,0.07,116.22,40.51,2.07,0.03,33.0,35.0,31.0,0.33
60.515335,100,453.606455,-1.0,4.0,60.52,0.16,84.0,2.1,22.3,2.58,19.64,0.08,90.12,39.54,2.87,0.08,34.0,24.0,26.0,0.28
73.93445,100,456.014241,-1.0,23.0,73.93,0.07,93.0,4.65,32.01,5.22,26.73,0.06,131.16,31.48,2.28,0.26,48.0,33.0,12.0,0.29
72.742165,100,458.539963,-1.0,17.0,72.74,0.08,92.0,6.48,30.25,6.03,24.15,0.06,116.08,35.48,2.04,0.22,43.0,37.0,12.0,0.34
8.213191,100,460.87899,0.78,1.0,8.21,0.43,57.0,2.56,25.26,2.02,23.19,0.05,103.01,34.47,1.39,0.3,28.0,27.0,2.0,0.29
-7.735294,100,462.903226,-1.0,18.0,-7.74,0.52,48.0,3.33,19.6,3.82,15.67,0.11,61.97,31.42,1.0,0.46,9.0,3.0,36.0,0.35
-13.585999,100,465.811287,-1.0,10.0,-13.59,0.55,45.0,9.29,20.05,7.0,12.98,0.07,86.03,27.93,3.78,0.24,13.0,24.0,8.0,0.28
51.865494,100,469.08858,-1.0,10.0,51.87,0.19,81.0,4.94,30.9,5.19,25.65,0.06,109.02,40.89,2.63,0.35,44.0,35.0,2.0,0.38
48.919106,100,471.521369,-1.0,4.0,48.92,0.22,78.0,4.51,22.7,4.2,18.44,0.06,96.69,38.59,2.74,0.43,50.0,28.0,0.0,0.36
3.2460234,100,474.001548,0.83,7.0,3.25,0.46,54.0,6.0,22.04,4.0,17.96,0.08,83.26,40.55,5.02,0.47,38.0,0.0,16.0,0.33
-50.83999,100,477.623172,-1.0,18.0,-50.84,0.75,25.0,1.2,9.03,1.3,7.68,0.05,56.14,18.62,3.0,0.53,5.0,20.0,0.0,0.34
40.396965,100,480.75023,0.94,3.0,40.4,0.27,73.0,8.79,19.34,6.32,12.96,0.06,73.3,33.95,1.49,0.39,43.0,30.0,0.0,0.3
15.412548,100,483.282902,-1.0,20.0,15.41,0.4,60.0,3.82,19.27,3.53,15.67,0.07,119.78,25.56,3.86,0.13,24.0,24.0,12.0,0.36
49.86197,100,485.343359,0.89,17.0,49.86,0.22,78.0,3.82,19.81,4.26,15.49,0.06,116.81,40.7,3.5,0.21,36.0,31.0,11.0,0.26
-57.487564,100,487.342867,-1.0,12.0,-57.49,0.78,22.0,4.41,17.16,4.55,12.55,0.07,83.01,23.03,2.86,0.39,2.0,15.0,5.0,0.3
-7.5917706,100,489.984029,-1.0,23.0,-7.59,0.52,48.0,4.38,18.88,4.69,14.12,0.07,55.89,34.73,1.76,0.12,15.0,21.0,12.0,0.3
44.78306,100,492.561285,-1.0,23.0,44.78,0.25,75.0,1.88,17.62,1.73,15.84,0.05,95.39,41.46,1.56,0.36,40.0,35.0,0.0,0.25
-16.797058,100,495.451658,-1.0,22.0,-16.8,0.57,43.0,8.56,16.55,6.51,9.95,0.08,50.35,24.54,2.56,0.17,16.0,8.0,19.0,0.3
-33.938244,100,498.039813,-1.0,17.0,-33.94,0.66,34.0,3.65,14.62,3.38,11.18,0.07,64.18,27.72,4.7,0.63,2.0,32.0,0.0,0.26
48.236362,100,500.37228,-1.0,9.0,48.24,0.22,78.0,5.27,24.79,4.58,20.13,0.08,104.23,41.43,5.97,0.14,24.0,19.0,35.0,0.33
-36.494514,100,502.357512,-1.0,15.0,-36.49,0.67,33.0,2.12,19.07,2.33,16.67,0.07,71.0,32.92,3.61,0.46,26.0,3.0,4.0,0.31
-17.855892,100,504.538091,-1.0,0.0,-17.86,0.57,43.0,6.14,22.43,5.76,16.6,0.07,82.73,28.26,3.31,0.45,0.0,14.0,29.0,0.24
-68.709984,100,506.862166,-1.0,4.0,-68.71,0.84,16.0,6.0,11.61,5.78,5.75,0.07,37.78,6.51,2.72,0.21,8.0,3.0,5.0,0.25
73.814415,100,509.261542,-1.0,23.0,73.81,0.09,91.0,5.45,22.5,4.64,17.8,0.06,122.84,30.39,2.18,0.15,40.0,31.0,20.0,0.23
38.967873,100,511.448989,-1.0,16.0,38.97,0.27,73.0,4.74,24.02,5.1,18.85,0.07,86.11,37.63,2.0,0.1,28.0,28.0,17.0,0.27
62.72439,100,513.88208,-1.0,8.0,62.72,0.14,86.0,5.02,26.78,4.53,22.19,0.06,104.03,37.19,1.98,0.35,33.0,49.0,4.0,0.26
55.34573,100,515.986999,-1.0,10.0,55.35,0.18,82.0,11.29,26.22,7.65,18.51,0.06,103.6,33.19,2.62,0.46,56.0,26.0,0.0,0.28
47.098534,100,518.302542,0.91,17.0,47.1,0.23,77.0,1.35,22.42,1.47,20.88,0.07,112.35,35.46,2.37,0.11,32.0,26.0,19.0,0.27
79.30588,100,520.644925,-1.0,22.0,79.31,0.05,95.0,6.31,27.9,5.93,21.92,0.06,108.3,36.26,3.04,0.27,30.0,52.0,13.0,0.27
74.32346,100,522.559566,0.75,1.0,74.32,0.08,92.0,1.82,26.14,1.79,24.28,0.07,97.5,37.18,3.9,0.16,34.0,40.0,18.0,0.26
25.929255,100,524.871111,-1.0,9.0,25.93,0.34,66.0,5.0,22.98,4.5,18.42,0.06,75.36,42.86,1.79,0.49,49.0,17.0,0.0,0.26
62.443504,100,526.952754,0.87,13.0,62.44,0.15,85.0,6.42,22.25,4.69,17.51,0.05,103.49,43.2,0.95,0.4,51.0,34.0,0.0,0.26
-44.153324,100,529.051113,-1.0,14.0,-44.15,0.71,29.0,5.31,18.75,4.83,13.86,0.06,56.57,27.28,6.96,0.64,28.0,1.0,0.0,0.25
10.638354,100,530.925499,-1.0,5.0,10.64,0.42,58.0,8.28,23.09,7.11,15.9,0.09,51.02,28.53,1.13,0.36,38.0,7.0,13.0,0.31
15.239935,100,532.825694,0.84,23.0,15.24,0.4,60.0,4.5,19.96,3.1,16.77,0.09,52.99,37.77,5.1,0.4,24.0,0.0,36.0,0.25
4.9961376,100,535.177823,0.89,19.0,5.0,0.44,56.0,7.8,30.89,6.44,24.39,0.06,69.5,27.7,3.13,0.37,13.0,37.0,6.0,0.26
-15.464738,100,537.29708,-1.0,17.0,-15.46,0.56,44.0,10.89,19.82,6.93,12.82,0.07,51.8,19.38,1.44,0.3,7.0,27.0,10.0,0.25
86.26865,100,540.016369,0.79,1.0,86.27,0.02,98.0,2.66,24.73,2.84,21.84,0.05,111.47,44.51,2.33,0.39,41.0,57.0,0.0,0.25
90.50543,100,542.408719,0.81,19.0,90.51,0.0,100.0,3.55,23.69,4.08,19.56,0.06,117.63,40.43,5.69,0.19,43.0,43.0,14.0,0.31
13.079938,100,544.494485,-1.0,23.0,13.08,0.41,59.0,3.39,20.93,3.75,17.12,0.06,43.06,31.26,2.71,0.36,32.0,27.0,0.0,0.27
46.30356,100,546.406816,-1.0,8.0,46.3,0.23,77.0,5.48,24.89,5.36,19.45,0.08,77.34,38.55,5.43,0.03,28.0,24.0,25.0,0.25
-0.20181471,100,548.312727,0.89,21.0,-0.2,0.48,52.0,4.98,20.31,3.65,16.58,0.08,50.25,32.46,2.11,0.23,6.0,24.0,22.0,0.26
-49.199947,100,550.395929,-1.0,20.0,-49.2,0.74,26.0,1.81,12.03,2.1,9.85,0.09,45.69,23.76,4.23,0.23,4.0,9.0,13.0,0.25
27.31083,100,552.689058,-1.0,22.0,27.31,0.34,66.0,3.11,17.98,3.27,14.64,0.07,84.07,40.86,1.42,0.25,38.0,15.0,13.0,0.24
-27.88741,100,554.824978,-1.0,24.0,-27.89,0.63,37.0,6.22,13.19,5.41,7.68,0.11,47.18,16.11,4.24,0.11,11.0,10.0,16.0,0.25
-9.560537,100,556.709695,-1.0,5.0,-9.56,0.53,47.0,3.94,19.11,3.98,15.06,0.06,43.36,34.83,22.29,0.26,22.0,21.0,4.0,0.26
-5.4955425,100,558.818669,-1.0,17.0,-5.5,0.51,49.0,4.69,18.05,3.79,14.16,0.1,74.8,33.98,2.37,0.31,10.0,8.0,31.0,0.24
-21.78104,100,561.097594,-1.0,23.0,-21.78,0.6,40.0,1.32,11.64,1.49,10.1,0.05,56.21,12.4,3.04,0.43,26.0,14.0,0.0,0.25
21.530506,100,563.045593,0.83,1.0,21.53,0.36,64.0,12.12,25.16,8.79,16.31,0.06,93.65,36.22,3.12,0.32,23.0,36.0,5.0,0.3
-60.775913,100,564.911566,-1.0,11.0,-60.78,0.8,20.0,3.65,10.27,3.48,6.7,0.1,31.32,10.01,5.11,0.5,0.0,5.0,15.0,0.27
-34.29129,100,566.765329,0.86,5.0,-34.29,0.66,34.0,3.0,17.11,3.16,13.88,0.06,75.84,38.53,2.02,0.35,18.0,0.0,16.0,0.25
-24.943815,100,568.62549,-1.0,14.0,-24.94,0.61,39.0,5.33,19.04,5.21,13.74,0.09,75.95,29.74,2.89,0.36,18.0,0.0,21.0,0.24
-32.14826,100,570.710888,-1.0,4.0,-32.15,0.65,35.0,5.89,15.67,5.36,10.23,0.08,59.35,32.45,0.6,0.17,7.0,12.0,16.0,0.25
17.021706,100,573.051027,0.82,21.0,17.02,0.39,61.0,4.41,20.51,5.08,15.34,0.08,105.7,28.6,2.97,0.09,17.0,19.0,25.0,0.26
37.462696,100,575.410185,-1.0,18.0,37.46,0.28,72.0,3.22,22.7,2.61,20.03,0.06,115.57,36.52,1.97,0.27,37.0,27.0,8.0,0.26
29.002468,100,577.523665,0.97,1.0,29.0,0.33,67.0,1.9,18.83,2.19,16.57,0.07,102.36,39.31,3.92,0.17,24.0,30.0,13.0,0.26
24.413797,100,579.616643,-1.0,23.0,24.41,0.35,65.0,9.49,21.54,6.4,15.08,0.06,111.23,37.39,2.83,0.27,37.0,17.0,11.0,0.27
-20.860949,100,581.698257,-1.0,5.0,-20.86,0.59,41.0,3.56,17.68,3.38,14.24,0.06,58.34,35.93,4.0,0.49,30.0,11.0,0.0,0.25
17.969513,100,583.998487,-1.0,23.0,17.97,0.38,62.0,10.53,24.25,7.32,16.87,0.05,96.01,39.07,18.56,0.37,26.0,35.0,1.0,0.25
14.774937,100,586.13131,-1.0,16.0,14.77,0.4,60.0,10.33,21.81,7.75,14.0,0.06,92.3,32.89,4.44,0.34,17.0,37.0,6.0,0.25
23.137222,100,588.247612,0.91,7.0,23.14,0.36,64.0,2.5,19.16,3.12,15.97,0.07,116.02,20.31,2.07,0.26,35.0,19.0,10.0,0.27
-37.528706,100,590.616564,-1.0,5.0,-37.53,0.68,32.0,2.91,12.42,2.98,9.38,0.06,64.1,21.15,4.3,0.46,10.0,22.0,0.0,0.27
41.37048,100,592.986087,0.81,21.0,41.37,0.26,74.0,4.62,22.41,4.29,18.05,0.07,98.13,37.73,1.56,0.14,32.0,26.0,16.0,0.25
50.692474,100,595.320256,0.86,3.0,50.69,0.22,78.0,1.17,17.26,1.25,15.95,0.06,120.32,36.32,3.25,0.17,32.0,33.0,13.0,0.26
27.995583,100,597.477855,-1.0,16.0,28.0,0.33,67.0,6.58,22.42,5.96,16.39,0.07,111.98,41.7,2.24,0.15,18.0,32.0,17.0,0.27
