1,-30.4,0.56,44.0,7.27,15.14,6.48,8.59,0.08,47.75,22.01,3.27,0.41,27.0,17.0,0.0,0.37
2,-55.33,0.74,26.0,5.23,14.47,5.58,8.85,0.05,91.9,35.84,2.84,0.46,8.0,18.0,0.0,0.48
3,-13.4,0.54,46.0,2.76,13.12,2.98,10.09,0.05,100.2,45.48,3.19,0.33,23.0,23.0,0.0,0.39
4,0.67,0.45,55.0,3.55,24.57,3.36,21.13,0.08,58.3,23.41,3.16,0.35,32.0,3.0,20.0,0.41
5,37.87,0.16,84.0,6.38,29.81,6.16,23.57,0.07,85.75,35.68,2.87,0.15,36.0,31.0,17.0,0.44
6,50.93,0.21,79.0,2.34,29.54,2.82,26.66,0.07,59.3,28.52,2.38,0.53,67.0,8.0,4.0,0.36
7,42.0,0.26,74.0,2.22,25.94,2.66,23.22,0.07,38.42,38.13,2.58,0.58,64.0,0.0,10.0,0.33
8,16.0,0.28,72.0,6.83,43.24,6.03,37.14,0.08,50.82,34.85,1.99,0.51,59.0,9.0,4.0,0.32
9,12.73,0.34,66.0,5.38,17.68,4.2,13.42,0.06,106.46,38.88,2.7,0.28,30.0,32.0,4.0,0.34
10,-43.8,0.67,33.0,5.45,14.79,4.09,10.61,0.09,64.86,23.39,4.16,0.4,13.0,0.0,20.0,0.3
11,29.6,0.16,84.0,7.86,31.07,5.34,25.64,0.09,72.14,38.44,1.99,0.18,33.0,14.0,37.0,0.34
12,11.93,0.35,65.0,5.17,29.33,5.34,23.91,0.09,37.85,32.9,2.67,0.38,37.0,0.0,28.0,0.29
13,85.67,0.05,95.0,1.68,33.04,1.92,31.05,0.06,95.42,43.63,3.81,0.39,56.0,39.0,0.0,0.36
14,24.67,0.06,94.0,11.11,28.89,7.71,21.11,0.07,109.65,31.78,3.7,0.24,30.0,49.0,15.0,0.35
15,66.2,0.01,99.0,5.82,35.23,4.67,30.51,0.06,88.42,38.51,1.14,0.33,56.0,36.0,7.0,0.3
16,81.53,0.01,99.0,3.49,38.14,3.71,34.36,0.06,119.37,44.76,2.32,0.42,62.0,37.0,0.0,0.32
17,70.27,0.0,100.0,5.46,30.08,5.42,24.6,0.06,112.75,39.33,3.32,0.29,47.0,48.0,5.0,0.43
18,36.4,0.24,76.0,4.08,29.25,3.51,25.63,0.1,47.84,19.65,3.65,0.2,21.0,16.0,39.0,0.41
19,96.33,0.0,100.0,1.55,27.5,1.75,25.7,0.05,147.88,39.72,1.94,0.31,49.0,49.0,2.0,0.42
20,-23.4,0.29,71.0,14.82,37.28,9.37,27.83,0.08,73.51,33.13,2.4,0.59,0.0,8.0,63.0,0.36
21,45.07,0.24,76.0,2.37,31.81,2.83,28.92,0.06,88.65,35.43,1.59,0.28,37.0,34.0,5.0,0.33
22,68.6,0.11,89.0,2.58,28.18,2.37,25.75,0.06,107.11,38.08,3.32,0.4,54.0,35.0,0.0,0.37
23,-32.0,0.61,39.0,4.85,17.36,4.63,12.67,0.07,48.09,11.68,4.59,0.12,16.0,14.0,9.0,0.31
24,13.8,0.27,73.0,7.62,25.4,6.95,18.38,0.07,77.66,30.57,2.22,0.12,22.0,32.0,19.0,0.32
25,-5.6,0.32,68.0,10.18,28.96,7.68,21.21,0.07,56.07,29.7,4.54,0.61,62.0,6.0,0.0,0.33
26,0.6,0.45,55.0,3.56,29.06,4.27,24.73,0.06,67.31,34.43,3.13,0.59,49.0,6.0,0.0,0.36
27,3.6,0.45,55.0,2.75,32.58,2.53,29.96,0.09,40.31,32.95,3.46,0.5,45.0,4.0,6.0,0.29
28,-28.0,0.58,42.0,5.29,24.48,5.18,19.24,0.06,55.58,25.35,5.52,0.62,39.0,3.0,0.0,0.27
29,-10.33,0.5,50.0,4.1,16.4,4.58,11.76,0.06,72.47,32.9,2.99,0.35,24.0,26.0,0.0,0.3
30,-58.13,0.74,26.0,6.85,13.48,5.48,7.92,0.08,45.69,23.42,1.77,0.41,16.0,10.0,0.0,0.29
31,-42.93,0.66,34.0,5.82,14.33,5.44,8.82,0.07,59.6,25.93,4.2,0.14,16.0,9.0,9.0,0.33
32,-41.87,0.69,31.0,2.87,15.65,2.85,12.71,0.08,49.11,20.65,3.24,0.3,1.0,15.0,15.0,0.27
33,-30.2,0.63,37.0,2.7,11.17,2.72,8.38,0.07,64.84,30.49,3.7,0.38,23.0,12.0,2.0,0.31
34,-30.2,0.63,37.0,2.7,17.83,3.27,14.49,0.08,48.71,34.09,2.25,0.56,31.0,6.0,0.0,0.29
35,-37.93,0.68,32.0,1.91,13.56,2.28,11.19,0.09,75.87,31.89,1.91,0.27,15.0,2.0,15.0,0.29
36,-48.27,0.73,27.0,2.26,12.23,2.59,9.56,0.08,50.08,29.81,3.61,0.15,11.0,5.0,11.0,0.29
37,-64.73,0.77,23.0,8.0,14.41,6.96,7.39,0.06,37.94,22.13,2.13,0.43,8.0,15.0,0.0,0.42
38,-10.4,0.49,51.0,4.65,16.06,3.91,12.08,0.07,52.53,27.43,3.22,0.24,27.0,15.0,9.0,0.53
39,16.6,0.39,61.0,2.33,30.27,2.91,27.25,0.11,49.55,30.25,3.33,0.58,2.0,4.0,55.0,0.36
40,10.07,0.27,73.0,8.38,24.78,7.23,17.48,0.07,48.71,39.05,2.4,0.22,13.0,37.0,23.0,0.5
41,27.53,0.32,68.0,2.87,28.72,2.74,25.91,0.07,51.38,32.52,2.72,0.3,12.0,43.0,13.0,0.41
42,-6.6,0.45,55.0,5.53,21.92,5.64,16.18,0.1,31.61,17.6,2.71,0.29,31.0,17.0,7.0,0.44
43,45.2,0.13,87.0,5.97,27.96,4.71,23.15,0.1,73.62,31.66,2.1,0.25,22.0,16.0,49.0,0.43
44,43.4,0.22,78.0,3.42,36.68,3.67,32.92,0.09,54.03,32.84,0.58,0.4,0.0,31.0,47.0,0.4
45,37.6,0.24,76.0,3.84,29.91,4.64,25.21,0.05,104.81,37.13,2.05,0.36,35.0,41.0,0.0,0.31
46,54.53,0.12,88.0,4.66,21.87,5.23,16.57,0.07,77.24,35.97,2.75,0.03,30.0,27.0,31.0,0.34
47,-2.4,0.36,64.0,8.12,50.22,7.38,42.78,0.06,32.07,32.95,0.62,0.6,60.0,2.0,2.0,0.33
48,77.6,0.08,92.0,2.04,47.69,2.55,45.09,0.05,114.29,44.98,3.66,0.35,44.0,48.0,0.0,0.41
49,84.93,0.01,99.0,2.98,33.95,3.53,30.36,0.06,95.98,41.31,2.83,0.44,70.0,25.0,4.0,0.37
50,88.47,0.02,98.0,2.15,50.25,2.55,47.63,0.07,85.73,41.81,0.95,0.63,5.0,0.0,93.0,0.32
51,91.73,0.0,100.0,2.24,45.15,2.62,42.46,0.06,86.9,42.93,2.33,0.45,76.0,15.0,9.0,0.35
52,76.4,0.02,98.0,4.0,52.85,5.0,47.8,0.06,81.55,35.05,3.4,0.54,79.0,19.0,0.0,0.3
53,71.2,0.02,98.0,4.8,38.33,4.87,33.39,0.07,77.57,21.38,105.07,0.45,22.0,71.0,5.0,0.35
54,76.13,0.02,98.0,4.04,102.11,5.03,97.02,0.07,45.55,40.59,3.13,0.67,98.0,0.0,0.0,0.36
55,92.4,0.0,100.0,2.14,37.83,2.58,35.2,0.05,125.37,40.14,1.86,0.42,63.0,37.0,0.0,0.36
56,80.07,0.03,97.0,3.15,63.45,2.7,60.64,0.11,22.57,23.38,2.62,0.65,0.0,2.0,95.0,0.35
57,90.6,0.0,100.0,2.41,82.67,1.92,80.7,0.06,77.48,44.39,1.34,0.61,91.0,9.0,0.0,0.35
58,73.27,0.01,99.0,4.75,73.26,5.45,67.7,0.1,66.69,43.01,3.84,0.67,99.0,0.0,0.0,0.32
59,35.6,0.31,69.0,1.52,37.93,1.59,36.29,0.05,43.4,13.83,2.52,0.57,59.0,10.0,0.0,0.33
60,81.47,0.06,94.0,2.04,72.43,2.54,69.83,0.06,85.61,41.73,3.9,0.55,5.0,6.0,83.0,0.31
61,60.8,0.08,92.0,4.78,87.0,5.33,81.61,0.06,91.52,42.5,0.87,0.65,90.0,2.0,0.0,0.32
62,-13.6,0.52,48.0,4.0,27.68,3.91,23.71,0.07,69.09,34.04,3.33,0.49,39.0,5.0,4.0,0.36
63,68.07,0.12,88.0,2.35,52.06,2.92,49.07,0.07,47.47,35.01,1.99,0.48,3.0,66.0,19.0,0.3
64,69.33,0.13,87.0,1.8,24.64,1.98,22.6,0.07,81.77,33.05,3.11,0.34,35.0,48.0,4.0,0.31
65,51.2,0.22,78.0,1.92,59.46,1.9,57.49,0.07,93.2,42.55,0.79,0.56,67.0,2.0,9.0,0.33
66,38.0,0.22,78.0,4.46,30.83,5.29,25.46,0.08,25.83,16.32,4.03,0.41,48.0,30.0,0.0,0.33
67,43.73,0.18,82.0,4.71,49.1,4.15,44.88,0.07,99.75,39.5,2.71,0.59,0.0,9.0,73.0,0.33
68,23.93,0.33,67.0,3.25,26.56,3.54,22.96,0.06,113.08,31.56,4.19,0.29,34.0,28.0,5.0,0.33
69,52.53,0.22,78.0,1.67,26.82,1.77,25.0,0.05,90.59,42.93,2.06,0.44,51.0,27.0,0.0,0.33
70,19.53,0.37,63.0,2.54,61.1,2.82,58.22,0.06,105.36,43.81,2.6,0.66,62.0,1.0,0.0,0.31
71,-54.07,0.69,31.0,8.77,17.2,7.18,9.94,0.09,51.44,23.99,3.1,0.26,11.0,4.0,16.0,0.28
72,90.27,0.04,96.0,1.27,29.71,1.3,28.35,0.06,134.49,45.64,2.72,0.41,33.0,61.0,2.0,0.34
73,56.4,0.08,92.0,5.5,42.58,5.9,36.61,0.07,42.05,17.95,4.81,0.43,8.0,68.0,16.0,0.32
74,9.33,0.42,58.0,2.72,30.12,2.89,27.17,0.06,64.87,25.84,5.38,0.31,29.0,27.0,2.0,0.33
75,7.93,0.44,56.0,2.09,32.49,2.59,29.79,0.11,31.16,20.89,1.73,0.42,11.0,40.0,5.0,0.32
76,-40.6,0.67,33.0,4.0,22.95,5.0,17.88,0.07,10.99,7.84,4.9,0.38,19.0,14.0,0.0,0.29
77,-42.07,0.61,39.0,8.72,16.54,7.5,8.97,0.07,102.41,30.29,4.34,0.15,14.0,17.0,8.0,0.29
78,35.67,0.28,72.0,2.74,49.85,2.39,47.36,0.1,47.36,33.01,7.54,0.5,3.0,12.0,57.0,0.34
79,-17.73,0.33,67.0,12.58,43.17,8.47,34.6,0.1,37.61,29.41,0.7,0.49,16.0,1.0,50.0,0.29
80,-24.67,0.34,66.0,13.88,56.61,9.02,47.48,0.11,39.5,38.27,0.59,0.55,10.0,1.0,55.0,0.3
81,-11.13,0.49,51.0,4.86,15.69,3.81,11.8,0.07,81.69,25.93,4.84,0.07,19.0,14.0,18.0,0.32
82,55.8,0.2,80.0,1.79,66.21,1.73,64.38,0.11,20.24,5.36,7.07,0.57,3.0,6.0,71.0,0.33
83,9.93,0.43,57.0,2.07,26.42,2.59,23.75,0.08,28.22,17.87,6.95,0.39,33.0,24.0,0.0,0.31
84,52.0,0.24,76.0,1.0,40.74,1.0,39.63,0.11,21.93,16.74,1.29,0.47,7.0,8.0,61.0,0.32
85,8.2,0.44,56.0,2.02,12.17,2.45,9.64,0.09,73.98,21.59,5.28,0.23,19.0,28.0,9.0,0.31
86,-60.2,0.65,35.0,13.94,23.45,9.14,14.23,0.08,40.65,23.68,2.36,0.29,12.0,19.0,4.0,0.24
87,-88.13,0.93,7.0,5.57,7.52,4.0,3.43,0.09,27.34,14.54,3.78,0.38,0.0,4.0,3.0,0.23
88,68.4,0.06,94.0,4.13,85.09,4.95,80.09,0.06,59.73,44.72,1.64,0.67,94.0,0.0,0.0,0.27
89,6.6,0.04,96.0,14.34,78.99,9.17,69.77,0.05,85.83,40.85,3.07,0.59,9.0,86.0,1.0,0.29
90,89.47,0.02,98.0,2.0,93.89,2.5,91.33,0.06,114.61,46.01,2.35,0.64,4.0,94.0,0.0,0.29
91,93.33,0.0,100.0,2.0,85.55,2.5,83.0,0.05,143.22,33.77,0.57,0.6,90.0,10.0,0.0,0.3
92,100.0,0.0,100.0,1.0,102.12,1.0,101.0,0.12,123.19,37.05,4.16,0.67,0.0,0.0,100.0,0.29
93,97.6,0.0,100.0,1.36,45.29,1.54,43.7,0.05,129.0,36.67,10.74,0.65,3.0,97.0,0.0,0.36
94,99.8,0.0,100.0,1.03,82.04,1.04,80.94,0.05,119.8,30.26,1.23,0.59,11.0,89.0,0.0,0.34
95,99.53,0.0,100.0,1.07,92.54,1.06,91.42,0.05,89.38,45.6,2.16,0.63,95.0,5.0,0.0,0.3
96,80.0,0.0,100.0,4.0,94.78,5.0,89.72,0.06,111.82,24.41,2.34,0.63,6.0,94.0,0.0,0.31
97,98.13,0.0,100.0,1.28,94.63,1.26,93.32,0.05,68.25,36.68,2.98,0.67,0.0,100.0,0.0,0.28
98,55.33,0.22,78.0,1.13,72.62,1.17,71.33,0.12,14.6,20.18,0.84,0.67,0.0,0.0,78.0,0.29
99,50.33,0.22,78.0,2.09,57.9,1.95,55.9,0.06,106.44,11.1,2.31,0.58,70.0,6.0,2.0,0.39
100,89.4,0.05,95.0,1.09,91.39,1.13,90.19,0.07,106.4,42.33,1.22,0.67,0.0,0.0,95.0,0.4
101,-77.67,0.87,13.0,5.23,11.14,5.19,5.85,0.1,49.76,20.29,6.73,0.41,1.0,3.0,9.0,0.41
102,10.0,0.45,55.0,1.0,57.12,1.0,56.0,0.12,27.07,36.67,0.34,0.67,0.0,0.0,55.0,0.35
103,1.67,0.47,53.0,2.23,38.31,2.78,35.43,0.09,26.83,14.25,5.43,0.47,5.0,42.0,6.0,0.41
104,72.8,0.04,96.0,4.0,102.06,5.0,97.0,0.06,77.55,6.91,22.87,0.67,96.0,0.0,0.0,0.37
105,-58.6,0.77,23.0,4.0,29.1,5.0,24.0,0.1,17.75,2.61,7.01,0.67,0.0,23.0,0.0,0.33
106,81.67,0.06,94.0,2.01,52.1,2.48,49.55,0.06,29.92,6.42,5.63,0.47,18.0,71.0,5.0,0.44
107,93.67,0.0,100.0,1.95,94.04,2.42,91.5,0.11,43.93,40.33,2.06,0.63,0.0,5.0,95.0,0.36
108,93.33,0.0,100.0,2.0,103.56,2.5,101.0,0.06,81.42,38.8,4.35,0.67,100.0,0.0,0.0,0.32
109,99.0,0.0,100.0,1.15,100.17,1.09,99.02,0.06,68.72,43.62,1.9,0.66,99.0,1.0,0.0,0.42
110,91.47,0.01,99.0,1.99,100.62,2.48,98.02,0.12,38.75,40.16,0.17,0.66,1.0,0.0,98.0,0.44
111,0.93,0.0,100.0,15.86,103.24,9.93,93.26,0.05,101.31,34.99,3.61,0.66,0.0,99.0,1.0,0.36
112,-0.07,0.01,99.0,15.86,108.06,9.92,98.02,0.12,85.11,36.37,2.93,0.66,0.0,1.0,98.0,0.34
113,97.4,0.01,99.0,1.09,58.55,1.12,57.37,0.05,117.33,45.21,2.12,0.47,70.0,29.0,0.0,0.39
114,52.27,0.01,99.0,7.93,86.18,7.43,78.69,0.06,130.93,46.03,3.65,0.58,87.0,11.0,1.0,0.35
115,5.53,0.47,53.0,1.13,46.1,1.19,44.79,0.12,47.79,34.71,3.25,0.62,4.0,0.0,49.0,0.37
116,32.8,0.3,70.0,2.54,23.78,3.15,20.57,0.06,70.31,27.9,5.06,0.3,38.0,26.0,6.0,0.32
117,67.6,0.1,90.0,3.07,36.06,3.76,32.22,0.08,60.99,21.71,14.08,0.44,30.0,60.0,0.0,0.41
118,11.0,0.41,59.0,2.78,41.48,2.07,39.36,0.06,15.87,5.22,4.49,0.6,6.0,53.0,0.0,0.41
119,75.0,0.03,97.0,3.94,99.06,4.92,94.08,0.06,45.37,43.87,13.01,0.67,97.0,0.0,0.0,0.42
120,-98.0,0.99,1.0,1.0,3.12,1.0,2.0,0.12,43.25,37.65,0.34,0.67,0.0,0.0,1.0,0.41
121,91.53,0.01,99.0,1.98,60.1,2.47,57.58,0.05,112.86,34.96,2.41,0.49,22.0,75.0,2.0,0.4
122,93.33,0.0,100.0,2.0,83.97,2.5,81.42,0.05,112.84,36.77,0.41,0.59,11.0,89.0,0.0,0.35
123,93.93,0.02,98.0,1.32,49.78,1.43,48.29,0.07,76.6,39.1,1.52,0.35,64.0,21.0,13.0,0.34
124,89.93,0.05,95.0,1.01,50.04,1.02,48.97,0.05,107.39,44.2,2.66,0.55,14.0,80.0,1.0,0.34
125,95.93,0.02,98.0,1.01,77.28,1.02,76.2,0.06,113.87,45.74,3.61,0.57,85.0,12.0,1.0,0.38
126,51.6,0.2,80.0,2.58,74.41,2.88,71.47,0.06,14.81,18.4,3.45,0.61,75.0,2.0,3.0,0.32
127,36.07,0.27,73.0,3.04,40.05,3.63,36.33,0.09,19.16,9.73,7.31,0.37,23.0,5.0,45.0,0.32
128,61.87,0.08,92.0,4.61,86.89,5.27,81.5,0.11,62.7,24.49,2.23,0.62,5.0,1.0,86.0,0.35
129,42.0,0.29,71.0,1.0,32.55,1.0,31.46,0.09,21.16,14.0,3.35,0.47,21.0,50.0,0.0,0.34
130,-18.0,0.55,45.0,3.67,34.75,2.6,32.09,0.06,80.02,45.93,3.22,0.62,42.0,3.0,0.0,0.37
131,-46.2,0.67,33.0,6.55,14.44,5.45,8.91,0.08,48.54,34.15,2.39,0.3,18.0,3.0,12.0,0.35
132,-52.0,0.76,24.0,1.0,26.06,1.0,25.0,0.06,56.45,44.29,1.78,0.67,24.0,0.0,0.0,0.31
133,87.53,0.06,94.0,1.07,94.21,1.07,93.02,0.12,39.3,34.46,2.8,0.66,0.0,1.0,93.0,0.35
134,-27.93,0.53,47.0,8.0,20.57,6.17,14.3,0.1,96.54,38.71,4.31,0.35,8.0,7.0,32.0,0.33
135,40.27,0.29,71.0,1.37,35.7,1.54,34.06,0.11,14.72,5.53,6.23,0.41,7.0,13.0,51.0,0.35
136,2.0,0.49,51.0,1.0,24.07,1.0,22.98,0.09,37.47,23.93,2.28,0.35,18.0,30.0,3.0,0.3
137,-14.67,0.54,46.0,3.17,25.1,3.48,21.52,0.1,10.78,14.55,5.25,0.52,10.0,36.0,0.0,0.38
138,36.0,0.28,72.0,2.67,26.63,3.23,23.33,0.06,66.74,35.46,3.74,0.22,32.0,32.0,8.0,0.35
139,87.0,0.06,94.0,1.16,34.45,1.1,33.3,0.05,100.8,31.73,2.86,0.38,53.0,41.0,0.0,0.35
140,77.0,0.08,92.0,2.14,27.63,2.26,25.3,0.07,111.53,38.6,4.06,0.25,45.0,36.0,11.0,0.38
141,39.47,0.16,84.0,6.1,49.44,5.79,43.6,0.06,72.75,39.04,3.82,0.6,76.0,8.0,0.0,0.36
142,67.8,0.13,87.0,2.07,41.72,2.45,39.22,0.05,89.51,43.84,2.57,0.39,34.0,52.0,1.0,0.35
143,57.2,0.07,93.0,5.65,49.37,3.94,45.38,0.06,34.33,27.11,1.95,0.6,84.0,9.0,0.0,0.38
144,46.4,0.2,80.0,3.55,55.97,4.44,51.48,0.06,61.97,37.41,2.05,0.62,75.0,0.0,5.0,0.34
145,64.0,0.1,90.0,3.67,44.42,4.56,39.76,0.11,24.57,13.21,13.74,0.42,33.0,57.0,0.0,0.37
146,63.13,0.18,82.0,1.16,31.57,1.24,30.27,0.07,61.25,35.13,2.2,0.28,22.0,47.0,13.0,0.43
147,86.0,0.07,93.0,1.0,22.49,1.0,21.44,0.05,98.89,41.91,2.36,0.34,48.0,45.0,0.0,0.37
148,49.53,0.19,81.0,3.31,28.18,3.67,24.44,0.06,78.07,33.25,1.98,0.18,37.0,29.0,15.0,0.37
149,55.4,0.13,87.0,4.21,37.34,4.06,33.2,0.08,79.05,32.16,0.84,0.34,3.0,48.0,36.0,0.35
150,44.0,0.2,80.0,4.0,33.91,4.84,28.98,0.1,75.1,33.95,4.16,0.39,33.0,0.0,47.0,0.39
151,-0.27,0.2,80.0,12.3,45.42,8.62,36.7,0.09,29.48,20.33,6.37,0.32,12.0,18.0,50.0,0.35
152,60.0,0.06,94.0,5.47,28.46,5.15,23.26,0.06,91.16,44.21,2.75,0.55,78.0,16.0,0.0,0.34
153,81.53,0.07,93.0,1.72,39.6,2.01,37.48,0.11,69.43,31.81,1.35,0.53,0.0,19.0,74.0,0.34
154,81.2,0.06,94.0,2.09,40.96,2.61,38.3,0.05,138.41,36.74,2.61,0.37,42.0,52.0,0.0,0.36
155,71.87,0.02,98.0,4.69,41.81,5.43,36.33,0.05,107.9,45.27,2.19,0.31,50.0,43.0,5.0,0.34
156,51.47,0.19,81.0,2.95,33.46,3.09,30.32,0.06,95.07,27.75,4.49,0.65,79.0,0.0,2.0,0.38
157,94.27,0.0,100.0,1.86,42.31,2.29,39.96,0.06,121.17,45.67,3.91,0.37,56.0,44.0,0.0,0.34
158,99.0,0.0,100.0,1.15,37.4,1.2,36.14,0.06,102.16,39.31,2.14,0.38,57.0,43.0,0.0,0.35
159,95.4,0.02,98.0,1.09,48.32,1.12,47.14,0.05,132.44,38.56,1.44,0.34,50.0,48.0,0.0,0.35
160,55.6,0.1,90.0,5.07,53.37,3.49,49.78,0.1,98.51,29.98,2.75,0.38,13.0,13.0,64.0,0.42
161,75.47,0.02,98.0,4.14,39.09,4.12,34.9,0.07,80.52,38.65,3.25,0.1,35.0,39.0,24.0,0.38
162,63.93,0.03,97.0,5.65,36.31,5.33,30.93,0.06,108.79,35.79,3.53,0.42,61.0,36.0,0.0,0.44
163,99.8,0.0,100.0,1.03,26.71,1.04,25.62,0.05,81.73,38.83,1.44,0.34,52.0,47.0,1.0,0.37
164,45.4,0.01,99.0,8.97,32.36,6.18,26.12,0.06,106.21,36.2,4.4,0.38,57.0,42.0,0.0,0.37
165,96.13,0.0,100.0,1.58,22.43,1.87,20.5,0.06,111.97,34.31,3.66,0.43,65.0,35.0,0.0,0.35
166,81.93,0.06,94.0,1.97,91.7,2.45,89.19,0.05,78.02,25.83,3.68,0.67,94.0,0.0,0.0,0.36
167,89.0,0.03,97.0,1.77,76.61,1.69,74.87,0.06,77.73,34.06,0.26,0.67,97.0,0.0,0.0,0.34
168,85.53,0.03,97.0,2.31,83.43,1.81,81.51,0.11,59.03,37.95,1.87,0.61,8.0,0.0,89.0,0.36
169,29.0,0.34,66.0,1.68,34.8,1.91,32.79,0.1,87.55,29.54,2.2,0.52,15.0,0.0,51.0,0.34
170,69.6,0.08,92.0,3.35,67.04,2.48,64.5,0.06,21.32,17.79,5.32,0.63,87.0,5.0,0.0,0.38
171,8.6,0.05,95.0,13.85,33.63,9.13,24.44,0.06,83.87,38.57,8.18,0.36,44.0,51.0,0.0,0.36
172,48.6,0.11,89.0,5.96,29.78,5.7,24.02,0.06,109.37,43.08,3.41,0.43,59.0,28.0,2.0,0.28
173,39.73,0.26,74.0,2.68,29.02,3.34,25.57,0.1,49.86,31.0,3.17,0.49,6.0,8.0,60.0,0.3
174,63.0,0.11,89.0,3.53,31.58,4.37,27.15,0.06,112.27,38.5,1.9,0.18,29.0,42.0,18.0,0.34
175,0.87,0.47,53.0,2.45,36.93,2.7,34.11,0.12,55.75,29.26,2.44,0.65,0.0,1.0,52.0,0.28
176,8.47,0.23,77.0,9.87,28.86,8.08,20.7,0.07,63.23,19.46,1.25,0.48,0.0,55.0,22.0,0.25
177,2.0,0.3,70.0,9.14,27.72,5.89,21.77,0.06,55.74,32.33,3.18,0.36,32.0,38.0,0.0,0.27
178,21.0,0.35,65.0,3.08,23.86,3.85,19.94,0.08,42.53,4.71,3.64,0.35,9.0,43.0,13.0,0.29
179,76.8,0.0,100.0,4.48,41.44,5.21,36.16,0.06,86.73,32.53,0.82,0.19,42.0,43.0,15.0,0.29
180,7.0,0.03,97.0,14.45,68.99,9.3,59.63,0.06,67.06,16.72,2.77,0.49,74.0,20.0,3.0,0.33
181,98.8,0.0,100.0,1.18,91.07,1.24,89.72,0.11,26.4,26.99,5.25,0.63,0.0,6.0,94.0,0.32
182,84.2,0.02,98.0,2.81,35.89,2.89,32.94,0.05,56.87,26.51,4.22,0.41,37.0,61.0,0.0,0.35
183,3.8,0.0,100.0,15.43,103.0,9.68,93.26,0.06,89.88,11.88,4.27,0.66,99.0,1.0,0.0,0.45
184,50.73,0.01,99.0,8.16,48.75,7.55,41.15,0.05,132.56,36.93,3.74,0.34,49.0,50.0,0.0,0.36
185,80.93,0.0,100.0,3.86,77.03,4.75,72.22,0.06,83.48,40.56,2.5,0.63,95.0,5.0,0.0,0.35
186,78.8,0.04,96.0,3.06,27.48,2.93,24.5,0.05,58.23,42.8,4.32,0.36,44.0,52.0,0.0,0.35
187,84.4,0.05,95.0,1.88,40.1,2.32,37.66,0.12,70.62,24.65,4.08,0.53,9.0,5.0,81.0,0.37
188,57.6,0.0,100.0,7.36,80.09,6.9,73.08,0.11,82.48,22.08,1.79,0.55,14.0,2.0,84.0,0.3
189,69.0,0.03,97.0,4.87,73.93,5.36,68.52,0.05,81.35,11.6,11.22,0.6,87.0,10.0,0.0,0.36
190,35.27,0.01,99.0,10.51,30.55,7.24,23.23,0.08,92.98,38.68,3.4,0.15,46.0,24.0,29.0,0.35
191,79.73,0.03,97.0,3.21,45.81,3.19,42.56,0.06,91.79,40.21,1.65,0.36,26.0,62.0,9.0,0.33
192,49.2,0.0,100.0,8.62,44.01,6.1,37.86,0.05,73.32,24.49,4.28,0.49,20.0,77.0,3.0,0.35
193,88.47,0.01,99.0,2.44,95.03,2.75,92.22,0.06,83.4,44.5,1.25,0.65,97.0,2.0,0.0,0.32
194,60.47,0.06,94.0,5.39,26.48,4.71,21.7,0.07,96.87,38.84,2.12,0.41,65.0,22.0,7.0,0.4
195,91.0,0.04,96.0,1.16,60.26,1.09,59.06,0.11,47.14,26.65,4.53,0.43,12.0,11.0,73.0,0.39
196,69.67,0.13,87.0,1.75,29.42,2.12,27.24,0.06,125.15,34.04,2.77,0.21,38.0,38.0,11.0,0.32
197,63.87,0.17,83.0,1.39,31.97,1.43,30.48,0.06,105.27,37.66,1.94,0.35,40.0,43.0,0.0,0.41
198,47.47,0.19,81.0,3.69,41.9,3.44,38.37,0.09,34.98,13.53,7.02,0.42,0.0,30.0,51.0,0.42
199,22.27,0.36,64.0,2.34,48.95,2.93,45.91,0.11,15.43,11.41,2.67,0.62,4.0,0.0,60.0,0.34
200,-52.0,0.74,26.0,3.31,17.29,3.65,13.54,0.09,34.75,7.59,3.87,0.36,10.0,1.0,15.0,0.33
201,-49.4,0.73,27.0,2.89,12.86,3.43,9.33,0.1,40.2,25.65,3.47,0.07,8.0,11.0,8.0,0.29
202,-11.8,0.53,47.0,2.85,18.05,2.53,15.4,0.11,49.75,31.75,8.21,0.67,0.0,0.0,47.0,0.34
203,-21.8,0.55,45.0,4.93,27.08,4.67,22.31,0.1,71.28,39.88,2.15,0.37,27.0,2.0,16.0,0.34
204,6.33,0.45,55.0,2.0,19.02,2.5,16.44,0.08,49.51,27.33,1.11,0.18,27.0,12.0,16.0,0.34
205,-42.0,0.7,30.0,2.0,23.14,1.97,21.07,0.11,40.36,29.88,0.3,0.51,1.0,5.0,24.0,0.32
206,-23.6,0.59,41.0,3.05,17.28,3.26,13.95,0.07,52.58,24.74,4.53,0.41,25.0,16.0,0.0,0.36
207,-22.33,0.57,43.0,3.91,39.88,4.83,34.98,0.08,15.23,9.0,108.3,0.6,0.0,39.0,4.0,0.33
208,17.33,0.3,70.0,5.86,21.16,5.5,15.6,0.06,87.85,27.94,6.71,0.22,33.0,27.0,10.0,0.3
209,21.0,0.31,69.0,4.7,18.66,4.01,14.58,0.07,108.02,34.38,1.87,0.08,28.0,21.0,20.0,0.35
210,-0.4,0.44,56.0,4.32,16.09,4.51,11.5,0.08,109.59,28.77,3.84,0.05,16.0,20.0,20.0,0.34
211,35.47,0.24,76.0,4.26,48.6,3.88,44.66,0.06,30.94,5.59,7.81,0.57,0.0,65.0,11.0,0.37
212,61.93,0.11,89.0,3.71,26.2,4.19,21.96,0.06,87.27,29.93,3.31,0.37,40.0,49.0,0.0,0.36
213,89.6,0.05,95.0,1.06,29.33,1.08,28.19,0.05,110.23,41.62,3.45,0.39,39.0,56.0,0.0,0.36
214,54.67,0.18,82.0,2.71,46.74,2.59,44.1,0.06,46.6,33.86,1.24,0.6,75.0,1.0,6.0,0.35
215,61.0,0.17,83.0,1.9,25.28,1.97,23.23,0.08,63.63,34.14,3.22,0.31,49.0,10.0,24.0,0.37
216,37.8,0.24,76.0,3.8,22.67,4.3,18.32,0.05,61.82,31.5,2.74,0.33,38.0,38.0,0.0,0.35
217,60.47,0.18,82.0,1.65,38.33,1.64,36.59,0.1,33.61,19.53,2.6,0.33,9.0,50.0,23.0,0.39
218,85.4,0.03,97.0,2.33,65.28,2.73,62.43,0.11,25.72,12.81,5.0,0.49,19.0,75.0,3.0,0.34
219,54.0,0.14,86.0,4.14,63.32,5.06,58.14,0.12,53.45,31.25,2.05,0.66,0.0,1.0,85.0,0.35
220,56.0,0.22,78.0,1.0,24.92,1.0,23.85,0.07,47.58,31.64,1.23,0.06,23.0,25.0,30.0,0.32
221,-36.4,0.67,33.0,2.09,28.76,1.86,26.79,0.11,71.38,25.93,4.84,0.59,4.0,0.0,29.0,0.3
222,12.0,0.44,56.0,1.0,48.95,1.0,47.89,0.06,31.79,37.14,3.55,0.61,5.0,51.0,0.0,0.36
223,-32.6,0.64,36.0,2.92,14.04,3.39,10.56,0.1,30.19,12.56,4.33,0.17,15.0,6.0,15.0,0.35
224,-32.2,0.66,34.0,1.09,34.22,1.12,33.06,0.05,32.58,10.77,4.03,0.67,0.0,34.0,0.0,0.32
225,-65.2,0.81,19.0,3.53,19.21,4.37,14.74,0.11,52.82,37.84,2.9,0.53,2.0,1.0,16.0,0.3
226,40.13,0.26,74.0,2.59,54.38,3.11,51.22,0.06,62.2,44.15,3.36,0.67,74.0,0.0,0.0,0.39
227,18.6,0.4,60.0,1.35,32.76,1.32,31.37,0.07,27.15,13.58,5.53,0.48,17.0,43.0,0.0,0.35
228,43.73,0.27,73.0,1.47,16.44,1.64,14.71,0.08,36.6,20.41,3.66,0.29,25.0,40.0,8.0,0.35
229,-41.13,0.66,34.0,5.03,15.98,5.21,10.71,0.06,50.5,39.94,4.05,0.25,7.0,20.0,7.0,0.32
230,-8.13,0.49,51.0,3.98,20.77,4.03,16.67,0.07,65.88,32.4,2.1,0.34,33.0,7.0,11.0,0.32
231,76.8,0.02,98.0,3.94,100.1,4.92,95.06,0.12,42.55,34.97,3.63,0.65,1.0,1.0,96.0,0.35
232,66.27,0.14,86.0,2.0,85.65,2.5,83.09,0.05,29.49,33.39,2.7,0.67,0.0,86.0,0.0,0.33
233,61.27,0.19,81.0,1.14,35.38,1.2,34.07,0.1,42.95,28.13,0.94,0.44,18.0,5.0,58.0,0.31
234,42.0,0.06,94.0,8.34,80.6,7.61,72.94,0.06,46.94,39.85,3.28,0.62,88.0,6.0,0.0,0.33
235,8.0,0.05,95.0,13.95,80.13,8.88,71.18,0.06,27.87,10.27,3.3,0.57,14.0,81.0,0.0,0.33
236,19.33,0.34,66.0,3.88,22.01,3.94,18.0,0.07,29.3,17.7,4.49,0.43,49.0,11.0,6.0,0.29
237,-4.87,0.1,90.0,15.14,75.68,9.59,66.0,0.09,33.62,11.3,5.12,0.53,10.0,76.0,4.0,0.33
238,24.2,0.17,83.0,8.55,27.7,6.6,21.01,0.09,45.99,25.9,1.86,0.24,16.0,21.0,46.0,0.35
239,45.47,0.19,81.0,4.06,20.41,4.8,15.56,0.05,104.11,37.69,2.58,0.4,48.0,33.0,0.0,0.37
240,46.93,0.18,82.0,4.12,23.42,3.84,19.51,0.07,90.22,31.9,5.27,0.2,21.0,18.0,43.0,0.33
241,91.4,0.04,96.0,1.09,25.09,1.12,23.92,0.05,119.56,40.38,2.3,0.34,49.0,47.0,0.0,0.36
242,54.6,0.18,82.0,2.72,28.36,2.09,26.17,0.11,39.23,11.84,5.77,0.18,15.0,37.0,30.0,0.34
243,75.53,0.12,88.0,1.08,51.88,1.07,50.7,0.1,56.31,43.37,2.44,0.42,9.0,15.0,64.0,0.33
244,-14.8,0.47,53.0,6.89,16.05,5.11,10.87,0.07,66.53,29.65,2.38,0.1,17.0,22.0,14.0,0.36
245,-12.2,0.45,55.0,7.05,22.75,6.55,16.15,0.06,37.95,24.94,3.71,0.53,11.0,44.0,0.0,0.31
246,93.33,0.0,100.0,2.0,103.55,2.5,101.0,0.05,14.39,3.06,34.22,0.67,0.0,100.0,0.0,0.31
247,45.47,0.25,75.0,1.91,46.49,2.31,44.08,0.1,39.49,34.03,6.45,0.53,13.0,1.0,61.0,0.32
248,3.53,0.43,57.0,3.75,15.0,3.82,11.12,0.07,93.86,32.35,3.41,0.36,31.0,26.0,0.0,0.33
249,8.6,0.45,55.0,1.38,18.94,1.57,17.27,0.09,58.64,31.59,1.68,0.36,25.0,0.0,30.0,0.32
250,-44.73,0.7,30.0,3.37,20.01,3.03,16.87,0.11,60.05,29.27,2.8,0.6,3.0,0.0,27.0,0.3
