r,l,t,reward_step,action,reward,ep_block_prob,ep_accepted_requests,avg_deployment_cost,avg_total_latency,avg_access_latency,avg_processing_latency,avg_rtt,avg_dl,avg_ul,avg_jitter,gini,telia_requests,telenor_requests,ice_requests,executionTime
-30.400013,100,6.4888,0.0,13.0,-30.4,0.56,44.0,7.27,15.14,6.48,8.59,0.08,47.75,22.01,3.27,0.41,27.0,17.0,0.0,0.0
-55.333347,100,10.249214,-1.0,12.0,-55.33,0.74,26.0,5.23,14.47,5.58,8.85,0.05,91.9,35.84,2.84,0.46,8.0,18.0,0.0,0.37
-13.399999,100,13.392893,-1.0,18.0,-13.4,0.54,46.0,2.76,13.12,2.98,10.09,0.05,100.2,45.48,3.19,0.33,23.0,23.0,0.0,0.48
0.6666657,100,16.763921,1.0,13.0,0.67,0.45,55.0,3.55,24.57,3.36,21.13,0.08,58.3,23.41,3.16,0.35,32.0,3.0,20.0,0.39
37.86664,100,20.013,0.8,7.0,37.87,0.16,84.0,6.38,29.81,6.16,23.57,0.07,85.75,35.68,2.87,0.15,36.0,31.0,17.0,0.41
50.933315,100,22.63181,0.8,13.0,50.93,0.21,79.0,2.34,29.54,2.82,26.66,0.07,59.3,28.52,2.38,0.53,67.0,8.0,4.0,0.44
41.99999,100,25.469226,0.93,19.0,42.0,0.26,74.0,2.22,25.94,2.66,23.22,0.07,38.42,38.13,2.58,0.58,64.0,0.0,10.0,0.36
15.999997,100,28.641866,0.0,13.0,16.0,0.28,72.0,6.83,43.24,6.03,37.14,0.08,50.82,34.85,1.99,0.51,59.0,9.0,4.0,0.33
12.733334,100,31.067507,-1.0,22.0,12.73,0.34,66.0,5.38,17.68,4.2,13.42,0.06,106.46,38.88,2.7,0.28,30.0,32.0,4.0,0.32
-43.800003,100,33.84467,1.0,13.0,-43.8,0.67,33.0,5.45,14.79,4.09,10.61,0.09,64.86,23.39,4.16,0.4,13.0,0.0,20.0,0.34
29.599993,100,36.316279,0.0,5.0,29.6,0.16,84.0,7.86,31.07,5.34,25.64,0.09,72.14,38.44,1.99,0.18,33.0,14.0,37.0,0.3
11.933327,100,38.923143,-1.0,18.0,11.93,0.35,65.0,5.17,29.33,5.34,23.91,0.09,37.85,32.9,2.67,0.38,37.0,0.0,28.0,0.34
85.66667,100,41.613139,1.0,7.0,85.67,0.05,95.0,1.68,33.04,1.92,31.05,0.06,95.42,43.63,3.81,0.39,56.0,39.0,0.0,0.29
24.666656,100,44.196142,0.0,21.0,24.67,0.06,94.0,11.11,28.89,7.71,21.11,0.07,109.65,31.78,3.7,0.24,30.0,49.0,15.0,0.36
66.20002,100,47.059199,0.93,21.0,66.2,0.01,99.0,5.82,35.23,4.67,30.51,0.06,88.42,38.51,1.14,0.33,56.0,36.0,7.0,0.35
81.533356,100,50.011247,0.93,7.0,81.53,0.01,99.0,3.49,38.14,3.71,34.36,0.06,119.37,44.76,2.32,0.42,62.0,37.0,0.0,0.3
70.26666,100,53.428224,0.53,15.0,70.27,0.0,100.0,5.46,30.08,5.42,24.6,0.06,112.75,39.33,3.32,0.29,47.0,48.0,5.0,0.32
36.39999,100,56.880183,1.0,9.0,36.4,0.24,76.0,4.08,29.25,3.51,25.63,0.1,47.84,19.65,3.65,0.2,21.0,16.0,39.0,0.43
96.33335,100,59.596511,0.93,15.0,96.33,0.0,100.0,1.55,27.5,1.75,25.7,0.05,147.88,39.72,1.94,0.31,49.0,49.0,2.0,0.41
-23.400003,100,62.505967,-1.0,24.0,-23.4,0.29,71.0,14.82,37.28,9.37,27.83,0.08,73.51,33.13,2.4,0.59,0.0,8.0,63.0,0.42
45.066673,100,65.473217,-1.0,9.0,45.07,0.24,76.0,2.37,31.81,2.83,28.92,0.06,88.65,35.43,1.59,0.28,37.0,34.0,5.0,0.36
68.6,100,68.248516,0.8,13.0,68.6,0.11,89.0,2.58,28.18,2.37,25.75,0.06,107.11,38.08,3.32,0.4,54.0,35.0,0.0,0.33
-32.0,100,71.056011,-1.0,16.0,-32.0,0.61,39.0,4.85,17.36,4.63,12.67,0.07,48.09,11.68,4.59,0.12,16.0,14.0,9.0,0.37
13.800019,100,73.522382,0.53,3.0,13.8,0.27,73.0,7.62,25.4,6.95,18.38,0.07,77.66,30.57,2.22,0.12,22.0,32.0,19.0,0.31
-5.6,100,75.82383,0.8,9.0,-5.6,0.32,68.0,10.18,28.96,7.68,21.21,0.07,56.07,29.7,4.54,0.61,62.0,6.0,0.0,0.32
0.59999067,100,78.574217,0.93,7.0,0.6,0.45,55.0,3.56,29.06,4.27,24.73,0.06,67.31,34.43,3.13,0.59,49.0,6.0,0.0,0.33
3.599997,100,80.780136,0.8,21.0,3.6,0.45,55.0,2.75,32.58,2.53,29.96,0.09,40.31,32.95,3.46,0.5,45.0,4.0,6.0,0.36
-28.000002,100,83.455405,-1.0,12.0,-28.0,0.58,42.0,5.29,24.48,5.18,19.24,0.06,55.58,25.35,5.52,0.62,39.0,3.0,0.0,0.29
-10.33333,100,86.246926,-1.0,17.0,-10.33,0.5,50.0,4.1,16.4,4.58,11.76,0.06,72.47,32.9,2.99,0.35,24.0,26.0,0.0,0.27
-58.13334,100,88.707751,-1.0,0.0,-58.13,0.74,26.0,6.85,13.48,5.48,7.92,0.08,45.69,23.42,1.77,0.41,16.0,10.0,0.0,0.3
-42.933334,100,91.015076,-1.0,20.0,-42.93,0.66,34.0,5.82,14.33,5.44,8.82,0.07,59.6,25.93,4.2,0.14,16.0,9.0,9.0,0.29
-41.866665,100,93.726248,-1.0,13.0,-41.87,0.69,31.0,2.87,15.65,2.85,12.71,0.08,49.11,20.65,3.24,0.3,1.0,15.0,15.0,0.33
-30.200005,100,95.97476,1.0,9.0,-30.2,0.63,37.0,2.7,11.17,2.72,8.38,0.07,64.84,30.49,3.7,0.38,23.0,12.0,2.0,0.27
-30.2,100,98.45716,-1.0,24.0,-30.2,0.63,37.0,2.7,17.83,3.27,14.49,0.08,48.71,34.09,2.25,0.56,31.0,6.0,0.0,0.31
-37.93333,100,100.755014,-1.0,12.0,-37.93,0.68,32.0,1.91,13.56,2.28,11.19,0.09,75.87,31.89,1.91,0.27,15.0,2.0,15.0,0.29
-48.266663,100,103.65828,-1.0,15.0,-48.27,0.73,27.0,2.26,12.23,2.59,9.56,0.08,50.08,29.81,3.61,0.15,11.0,5.0,11.0,0.29
-64.73334,100,107.87307,-1.0,24.0,-64.73,0.77,23.0,8.0,14.41,6.96,7.39,0.06,37.94,22.13,2.13,0.43,8.0,15.0,0.0,0.29
-10.4,100,111.349348,-1.0,2.0,-10.4,0.49,51.0,4.65,16.06,3.91,12.08,0.07,52.53,27.43,3.22,0.24,27.0,15.0,9.0,0.42
16.599987,100,114.468533,-1.0,6.0,16.6,0.39,61.0,2.33,30.27,2.91,27.25,0.11,49.55,30.25,3.33,0.58,2.0,4.0,55.0,0.53
10.066682,100,117.819806,0.0,21.0,10.07,0.27,73.0,8.38,24.78,7.23,17.48,0.07,48.71,39.05,2.4,0.22,13.0,37.0,23.0,0.36
27.533329,100,120.853295,0.53,7.0,27.53,0.32,68.0,2.87,28.72,2.74,25.91,0.07,51.38,32.52,2.72,0.3,12.0,43.0,13.0,0.5
-6.5999966,100,123.847829,-1.0,2.0,-6.6,0.45,55.0,5.53,21.92,5.64,16.18,0.1,31.61,17.6,2.71,0.29,31.0,17.0,7.0,0.41
45.19998,100,126.890188,0.8,9.0,45.2,0.13,87.0,5.97,27.96,4.71,23.15,0.1,73.62,31.66,2.1,0.25,22.0,16.0,49.0,0.44
43.39998,100,130.516893,1.0,15.0,43.4,0.22,78.0,3.42,36.68,3.67,32.92,0.09,54.03,32.84,0.58,0.4,0.0,31.0,47.0,0.43
37.599964,100,133.336555,-1.0,17.0,37.6,0.24,76.0,3.84,29.91,4.64,25.21,0.05,104.81,37.13,2.05,0.36,35.0,41.0,0.0,0.4
54.5333,100,135.852531,0.8,3.0,54.53,0.12,88.0,4.66,21.87,5.23,16.57,0.07,77.24,35.97,2.75,0.03,30.0,27.0,31.0,0.31
-2.4000096,100,138.495467,-1.0,3.0,-2.4,0.36,64.0,8.12,50.22,7.38,42.78,0.06,32.07,32.95,0.62,0.6,60.0,2.0,2.0,0.34
77.600044,100,141.675224,-1.0,18.0,77.6,0.08,92.0,2.04,47.69,2.55,45.09,0.05,114.29,44.98,3.66,0.35,44.0,48.0,0.0,0.33
84.93338,100,144.62844,0.8,7.0,84.93,0.01,99.0,2.98,33.95,3.53,30.36,0.06,95.98,41.31,2.83,0.44,70.0,25.0,4.0,0.41
88.46666,100,147.292956,1.0,23.0,88.47,0.02,98.0,2.15,50.25,2.55,47.63,0.07,85.73,41.81,0.95,0.63,5.0,0.0,93.0,0.37
91.73336,100,150.373574,0.8,11.0,91.73,0.0,100.0,2.24,45.15,2.62,42.46,0.06,86.9,42.93,2.33,0.45,76.0,15.0,9.0,0.32
76.40001,100,153.241277,0.8,13.0,76.4,0.02,98.0,4.0,52.85,5.0,47.8,0.06,81.55,35.05,3.4,0.54,79.0,19.0,0.0,0.35
71.19999,100,155.567773,0.53,3.0,71.2,0.02,98.0,4.8,38.33,4.87,33.39,0.07,77.57,21.38,105.07,0.45,22.0,71.0,5.0,0.3
76.13334,100,158.171995,0.8,7.0,76.13,0.02,98.0,4.04,102.11,5.03,97.02,0.07,45.55,40.59,3.13,0.67,98.0,0.0,0.0,0.35
92.40005,100,160.793319,0.93,13.0,92.4,0.0,100.0,2.14,37.83,2.58,35.2,0.05,125.37,40.14,1.86,0.42,63.0,37.0,0.0,0.36
80.06666,100,163.734587,0.53,11.0,80.07,0.03,97.0,3.15,63.45,2.7,60.64,0.11,22.57,23.38,2.62,0.65,0.0,2.0,95.0,0.36
90.6,100,166.27844,0.0,9.0,90.6,0.0,100.0,2.41,82.67,1.92,80.7,0.06,77.48,44.39,1.34,0.61,91.0,9.0,0.0,0.35
73.26665,100,169.444528,0.53,13.0,73.27,0.01,99.0,4.75,73.26,5.45,67.7,0.1,66.69,43.01,3.84,0.67,99.0,0.0,0.0,0.35
35.6,100,171.798687,1.0,1.0,35.6,0.31,69.0,1.52,37.93,1.59,36.29,0.05,43.4,13.83,2.52,0.57,59.0,10.0,0.0,0.32
81.4667,100,174.277677,0.93,23.0,81.47,0.06,94.0,2.04,72.43,2.54,69.83,0.06,85.61,41.73,3.9,0.55,5.0,6.0,83.0,0.33
60.79996,100,176.777894,0.8,19.0,60.8,0.08,92.0,4.78,87.0,5.33,81.61,0.06,91.52,42.5,0.87,0.65,90.0,2.0,0.0,0.31
-13.600009,100,179.453037,0.93,1.0,-13.6,0.52,48.0,4.0,27.68,3.91,23.71,0.07,69.09,34.04,3.33,0.49,39.0,5.0,4.0,0.32
68.06668,100,182.585047,-1.0,9.0,68.07,0.12,88.0,2.35,52.06,2.92,49.07,0.07,47.47,35.01,1.99,0.48,3.0,66.0,19.0,0.36
69.33334,100,185.184894,-1.0,6.0,69.33,0.13,87.0,1.8,24.64,1.98,22.6,0.07,81.77,33.05,3.11,0.34,35.0,48.0,4.0,0.3
51.199997,100,187.956777,1.0,1.0,51.2,0.22,78.0,1.92,59.46,1.9,57.49,0.07,93.2,42.55,0.79,0.56,67.0,2.0,9.0,0.31
37.99998,100,190.230053,0.8,13.0,38.0,0.22,78.0,4.46,30.83,5.29,25.46,0.08,25.83,16.32,4.03,0.41,48.0,30.0,0.0,0.33
43.73333,100,193.059605,0.93,23.0,43.73,0.18,82.0,4.71,49.1,4.15,44.88,0.07,99.75,39.5,2.71,0.59,0.0,9.0,73.0,0.33
23.933306,100,195.689252,-1.0,2.0,23.93,0.33,67.0,3.25,26.56,3.54,22.96,0.06,113.08,31.56,4.19,0.29,34.0,28.0,5.0,0.33
52.533337,100,198.047917,0.93,13.0,52.53,0.22,78.0,1.67,26.82,1.77,25.0,0.05,90.59,42.93,2.06,0.44,51.0,27.0,0.0,0.33
19.533333,100,200.475845,0.93,19.0,19.53,0.37,63.0,2.54,61.1,2.82,58.22,0.06,105.36,43.81,2.6,0.66,62.0,1.0,0.0,0.33
-54.066677,100,203.193851,0.8,23.0,-54.07,0.69,31.0,8.77,17.2,7.18,9.94,0.09,51.44,23.99,3.1,0.26,11.0,4.0,16.0,0.31
90.26667,100,205.824949,1.0,15.0,90.27,0.04,96.0,1.27,29.71,1.3,28.35,0.06,134.49,45.64,2.72,0.41,33.0,61.0,2.0,0.28
56.399967,100,208.13881,0.8,9.0,56.4,0.08,92.0,5.5,42.58,5.9,36.61,0.07,42.05,17.95,4.81,0.43,8.0,68.0,16.0,0.34
9.333335,100,210.650874,0.93,15.0,9.33,0.42,58.0,2.72,30.12,2.89,27.17,0.06,64.87,25.84,5.38,0.31,29.0,27.0,2.0,0.32
7.9333344,100,213.448179,0.93,3.0,7.93,0.44,56.0,2.09,32.49,2.59,29.79,0.11,31.16,20.89,1.73,0.42,11.0,40.0,5.0,0.33
-40.600018,100,215.859353,0.8,21.0,-40.6,0.67,33.0,4.0,22.95,5.0,17.88,0.07,10.99,7.84,4.9,0.38,19.0,14.0,0.0,0.32
-42.06667,100,218.00881,-1.0,4.0,-42.07,0.61,39.0,8.72,16.54,7.5,8.97,0.07,102.41,30.29,4.34,0.15,14.0,17.0,8.0,0.29
35.666664,100,220.565956,-1.0,16.0,35.67,0.28,72.0,2.74,49.85,2.39,47.36,0.1,47.36,33.01,7.54,0.5,3.0,12.0,57.0,0.29
-17.73333,100,223.011951,0.0,23.0,-17.73,0.33,67.0,12.58,43.17,8.47,34.6,0.1,37.61,29.41,0.7,0.49,16.0,1.0,50.0,0.34
-24.666672,100,225.45726,0.0,5.0,-24.67,0.34,66.0,13.88,56.61,9.02,47.48,0.11,39.5,38.27,0.59,0.55,10.0,1.0,55.0,0.29
-11.133332,100,227.963912,-1.0,7.0,-11.13,0.49,51.0,4.86,15.69,3.81,11.8,0.07,81.69,25.93,4.84,0.07,19.0,14.0,18.0,0.3
55.8,100,230.395119,1.0,17.0,55.8,0.2,80.0,1.79,66.21,1.73,64.38,0.11,20.24,5.36,7.07,0.57,3.0,6.0,71.0,0.32
9.933336,100,233.24695,0.93,21.0,9.93,0.43,57.0,2.07,26.42,2.59,23.75,0.08,28.22,17.87,6.95,0.39,33.0,24.0,0.0,0.33
52.0,100,236.187225,1.0,5.0,52.0,0.24,76.0,1.0,40.74,1.0,39.63,0.11,21.93,16.74,1.29,0.47,7.0,8.0,61.0,0.31
8.200001,100,238.698289,0.93,1.0,8.2,0.44,56.0,2.02,12.17,2.45,9.64,0.09,73.98,21.59,5.28,0.23,19.0,28.0,9.0,0.32
-60.200005,100,240.787483,0.0,15.0,-60.2,0.65,35.0,13.94,23.45,9.14,14.23,0.08,40.65,23.68,2.36,0.29,12.0,19.0,4.0,0.31
-88.13333,100,242.829319,-1.0,14.0,-88.13,0.93,7.0,5.57,7.52,4.0,3.43,0.09,27.34,14.54,3.78,0.38,0.0,4.0,3.0,0.24
68.39997,100,245.701945,0.8,19.0,68.4,0.06,94.0,4.13,85.09,4.95,80.09,0.06,59.73,44.72,1.64,0.67,94.0,0.0,0.0,0.23
6.600001,100,248.102451,0.0,21.0,6.6,0.04,96.0,14.34,78.99,9.17,69.77,0.05,85.83,40.85,3.07,0.59,9.0,86.0,1.0,0.27
89.46671,100,250.979988,0.93,3.0,89.47,0.02,98.0,2.0,93.89,2.5,91.33,0.06,114.61,46.01,2.35,0.64,4.0,94.0,0.0,0.29
93.33338,100,253.04577,0.93,7.0,93.33,0.0,100.0,2.0,85.55,2.5,83.0,0.05,143.22,33.77,0.57,0.6,90.0,10.0,0.0,0.29
100.0,100,255.327068,1.0,17.0,100.0,0.0,100.0,1.0,102.12,1.0,101.0,0.12,123.19,37.05,4.16,0.67,0.0,0.0,100.0,0.3
97.60001,100,257.923011,1.0,21.0,97.6,0.0,100.0,1.36,45.29,1.54,43.7,0.05,129.0,36.67,10.74,0.65,3.0,97.0,0.0,0.29
99.8,100,260.64779,1.0,9.0,99.8,0.0,100.0,1.03,82.04,1.04,80.94,0.05,119.8,30.26,1.23,0.59,11.0,89.0,0.0,0.36
99.53333,100,263.065714,1.0,1.0,99.53,0.0,100.0,1.07,92.54,1.06,91.42,0.05,89.38,45.6,2.16,0.63,95.0,5.0,0.0,0.34
80.000015,100,265.360644,0.8,3.0,80.0,0.0,100.0,4.0,94.78,5.0,89.72,0.06,111.82,24.41,2.34,0.63,6.0,94.0,0.0,0.3
98.13333,100,267.626101,1.0,21.0,98.13,0.0,100.0,1.28,94.63,1.26,93.32,0.05,68.25,36.68,2.98,0.67,0.0,100.0,0.0,0.31
55.333336,100,270.2762,1.0,11.0,55.33,0.22,78.0,1.13,72.62,1.17,71.33,0.12,14.6,20.18,0.84,0.67,0.0,0.0,78.0,0.28
50.333336,100,272.961281,1.0,7.0,50.33,0.22,78.0,2.09,57.9,1.95,55.9,0.06,106.44,11.1,2.31,0.58,70.0,6.0,2.0,0.29
89.4,100,276.123637,1.0,11.0,89.4,0.05,95.0,1.09,91.39,1.13,90.19,0.07,106.4,42.33,1.22,0.67,0.0,0.0,95.0,0.39
-77.66667,100,279.010937,-1.0,19.0,-77.67,0.87,13.0,5.23,11.14,5.19,5.85,0.1,49.76,20.29,6.73,0.41,1.0,3.0,9.0,0.4
10.0,100,281.848106,1.0,23.0,10.0,0.45,55.0,1.0,57.12,1.0,56.0,0.12,27.07,36.67,0.34,0.67,0.0,0.0,55.0,0.41
1.6666399,100,285.420556,0.93,21.0,1.67,0.47,53.0,2.23,38.31,2.78,35.43,0.09,26.83,14.25,5.43,0.47,5.0,42.0,6.0,0.35
72.79999,100,287.818851,0.8,7.0,72.8,0.04,96.0,4.0,102.06,5.0,97.0,0.06,77.55,6.91,22.87,0.67,96.0,0.0,0.0,0.41
-58.599995,100,290.894199,0.8,21.0,-58.6,0.77,23.0,4.0,29.1,5.0,24.0,0.1,17.75,2.61,7.01,0.67,0.0,23.0,0.0,0.37
81.66671,100,294.236798,0.93,15.0,81.67,0.06,94.0,2.01,52.1,2.48,49.55,0.06,29.92,6.42,5.63,0.47,18.0,71.0,5.0,0.33
93.66672,100,296.638637,0.93,11.0,93.67,0.0,100.0,1.95,94.04,2.42,91.5,0.11,43.93,40.33,2.06,0.63,0.0,5.0,95.0,0.44
93.33338,100,299.59028,0.93,1.0,93.33,0.0,100.0,2.0,103.56,2.5,101.0,0.06,81.42,38.8,4.35,0.67,100.0,0.0,0.0,0.36
99.0,100,303.058335,1.0,19.0,99.0,0.0,100.0,1.15,100.17,1.09,99.02,0.06,68.72,43.62,1.9,0.66,99.0,1.0,0.0,0.32
91.46671,100,306.271745,0.93,23.0,91.47,0.01,99.0,1.99,100.62,2.48,98.02,0.12,38.75,40.16,0.17,0.66,1.0,0.0,98.0,0.42
0.93333334,100,308.686902,0.0,3.0,0.93,0.0,100.0,15.86,103.24,9.93,93.26,0.05,101.31,34.99,3.61,0.66,0.0,99.0,1.0,0.44
-0.06666667,100,311.583146,0.0,11.0,-0.07,0.01,99.0,15.86,108.06,9.92,98.02,0.12,85.11,36.37,2.93,0.66,0.0,1.0,98.0,0.36
97.399994,100,314.654741,1.0,13.0,97.4,0.01,99.0,1.09,58.55,1.12,57.37,0.05,117.33,45.21,2.12,0.47,70.0,29.0,0.0,0.34
52.26664,100,317.076453,0.53,19.0,52.27,0.01,99.0,7.93,86.18,7.43,78.69,0.06,130.93,46.03,3.65,0.58,87.0,11.0,1.0,0.39
5.533333,100,320.044783,1.0,11.0,5.53,0.47,53.0,1.13,46.1,1.19,44.79,0.12,47.79,34.71,3.25,0.62,4.0,0.0,49.0,0.35
32.79998,100,322.85705,0.93,1.0,32.8,0.3,70.0,2.54,23.78,3.15,20.57,0.06,70.31,27.9,5.06,0.3,38.0,26.0,6.0,0.37
67.59998,100,326.278263,0.8,21.0,67.6,0.1,90.0,3.07,36.06,3.76,32.22,0.08,60.99,21.71,14.08,0.44,30.0,60.0,0.0,0.32
11.0,100,329.156559,1.0,21.0,11.0,0.41,59.0,2.78,41.48,2.07,39.36,0.06,15.87,5.22,4.49,0.6,6.0,53.0,0.0,0.41
75.0,100,332.022161,0.8,1.0,75.0,0.03,97.0,3.94,99.06,4.92,94.08,0.06,45.37,43.87,13.01,0.67,97.0,0.0,0.0,0.41
-98.0,100,335.215463,-1.0,16.0,-98.0,0.99,1.0,1.0,3.12,1.0,2.0,0.12,43.25,37.65,0.34,0.67,0.0,0.0,1.0,0.42
91.53338,100,338.51291,0.93,9.0,91.53,0.01,99.0,1.98,60.1,2.47,57.58,0.05,112.86,34.96,2.41,0.49,22.0,75.0,2.0,0.41
93.33338,100,340.855845,0.93,3.0,93.33,0.0,100.0,2.0,83.97,2.5,81.42,0.05,112.84,36.77,0.41,0.59,11.0,89.0,0.0,0.4
93.933334,100,343.797743,1.0,7.0,93.93,0.02,98.0,1.32,49.78,1.43,48.29,0.07,76.6,39.1,1.52,0.35,64.0,21.0,13.0,0.35
89.933334,100,346.727564,1.0,15.0,89.93,0.05,95.0,1.01,50.04,1.02,48.97,0.05,107.39,44.2,2.66,0.55,14.0,80.0,1.0,0.34
95.933334,100,349.316535,1.0,19.0,95.93,0.02,98.0,1.01,77.28,1.02,76.2,0.06,113.87,45.74,3.61,0.57,85.0,12.0,1.0,0.34
51.600006,100,351.630645,0.93,19.0,51.6,0.2,80.0,2.58,74.41,2.88,71.47,0.06,14.81,18.4,3.45,0.61,75.0,2.0,3.0,0.38
36.06666,100,354.397124,0.93,23.0,36.07,0.27,73.0,3.04,40.05,3.63,36.33,0.09,19.16,9.73,7.31,0.37,23.0,5.0,45.0,0.32
61.866623,100,357.305515,0.8,17.0,61.87,0.08,92.0,4.61,86.89,5.27,81.5,0.11,62.7,24.49,2.23,0.62,5.0,1.0,86.0,0.32
42.0,100,360.091213,1.0,9.0,42.0,0.29,71.0,1.0,32.55,1.0,31.46,0.09,21.16,14.0,3.35,0.47,21.0,50.0,0.0,0.35
-18.0,100,362.629273,-1.0,20.0,-18.0,0.55,45.0,3.67,34.75,2.6,32.09,0.06,80.02,45.93,3.22,0.62,42.0,3.0,0.0,0.34
-46.200005,100,364.876426,-1.0,0.0,-46.2,0.67,33.0,6.55,14.44,5.45,8.91,0.08,48.54,34.15,2.39,0.3,18.0,3.0,12.0,0.37
-52.0,100,367.080214,-1.0,16.0,-52.0,0.76,24.0,1.0,26.06,1.0,25.0,0.06,56.45,44.29,1.78,0.67,24.0,0.0,0.0,0.35
87.53333,100,369.636258,1.0,5.0,87.53,0.06,94.0,1.07,94.21,1.07,93.02,0.12,39.3,34.46,2.8,0.66,0.0,1.0,93.0,0.31
-27.933334,100,372.11814,0.53,5.0,-27.93,0.53,47.0,8.0,20.57,6.17,14.3,0.1,96.54,38.71,4.31,0.35,8.0,7.0,32.0,0.35
40.266666,100,374.602104,1.0,5.0,40.27,0.29,71.0,1.37,35.7,1.54,34.06,0.11,14.72,5.53,6.23,0.41,7.0,13.0,51.0,0.33
2.0,100,377.356301,-1.0,23.0,2.0,0.49,51.0,1.0,24.07,1.0,22.98,0.09,37.47,23.93,2.28,0.35,18.0,30.0,3.0,0.35
-14.666662,100,380.444509,0.93,15.0,-14.67,0.54,46.0,3.17,25.1,3.48,21.52,0.1,10.78,14.55,5.25,0.52,10.0,36.0,0.0,0.3
35.999996,100,383.185798,-1.0,24.0,36.0,0.28,72.0,2.67,26.63,3.23,23.33,0.06,66.74,35.46,3.74,0.22,32.0,32.0,8.0,0.38
87.0,100,386.022496,1.0,21.0,87.0,0.06,94.0,1.16,34.45,1.1,33.3,0.05,100.8,31.73,2.86,0.38,53.0,41.0,0.0,0.35
77.0,100,388.427033,1.0,7.0,77.0,0.08,92.0,2.14,27.63,2.26,25.3,0.07,111.53,38.6,4.06,0.25,45.0,36.0,11.0,0.35
39.46665,100,390.862517,0.53,1.0,39.47,0.16,84.0,6.1,49.44,5.79,43.6,0.06,72.75,39.04,3.82,0.6,76.0,8.0,0.0,0.38
67.800026,100,393.15687,0.93,21.0,67.8,0.13,87.0,2.07,41.72,2.45,39.22,0.05,89.51,43.84,2.57,0.39,34.0,52.0,1.0,0.36
57.2,100,395.457269,1.0,13.0,57.2,0.07,93.0,5.65,49.37,3.94,45.38,0.06,34.33,27.11,1.95,0.6,84.0,9.0,0.0,0.35
46.399967,100,398.441122,0.8,19.0,46.4,0.2,80.0,3.55,55.97,4.44,51.48,0.06,61.97,37.41,2.05,0.62,75.0,0.0,5.0,0.38
63.99996,100,401.062155,-1.0,20.0,64.0,0.1,90.0,3.67,44.42,4.56,39.76,0.11,24.57,13.21,13.74,0.42,33.0,57.0,0.0,0.34
63.13333,100,404.237602,1.0,3.0,63.13,0.18,82.0,1.16,31.57,1.24,30.27,0.07,61.25,35.13,2.2,0.28,22.0,47.0,13.0,0.37
86.0,100,407.165292,-1.0,13.0,86.0,0.07,93.0,1.0,22.49,1.0,21.44,0.05,98.89,41.91,2.36,0.34,48.0,45.0,0.0,0.43
49.533337,100,409.760388,-1.0,4.0,49.53,0.19,81.0,3.31,28.18,3.67,24.44,0.06,78.07,33.25,1.98,0.18,37.0,29.0,15.0,0.37
55.4,100,412.068506,1.0,11.0,55.4,0.13,87.0,4.21,37.34,4.06,33.2,0.08,79.05,32.16,0.84,0.34,3.0,48.0,36.0,0.37
43.999973,100,414.432279,0.53,17.0,44.0,0.2,80.0,4.0,33.91,4.84,28.98,0.1,75.1,33.95,4.16,0.39,33.0,0.0,47.0,0.35
-0.26666117,100,417.077529,-1.0,22.0,-0.27,0.2,80.0,12.3,45.42,8.62,36.7,0.09,29.48,20.33,6.37,0.32,12.0,18.0,50.0,0.39
59.999977,100,419.360218,1.0,7.0,60.0,0.06,94.0,5.47,28.46,5.15,23.26,0.06,91.16,44.21,2.75,0.55,78.0,16.0,0.0,0.35
81.53334,100,422.158312,0.93,17.0,81.53,0.07,93.0,1.72,39.6,2.01,37.48,0.11,69.43,31.81,1.35,0.53,0.0,19.0,74.0,0.34
81.20004,100,424.767259,0.93,9.0,81.2,0.06,94.0,2.09,40.96,2.61,38.3,0.05,138.41,36.74,2.61,0.37,42.0,52.0,0.0,0.34
71.86665,100,427.040468,0.8,15.0,71.87,0.02,98.0,4.69,41.81,5.43,36.33,0.05,107.9,45.27,2.19,0.31,50.0,43.0,5.0,0.36
51.466675,100,429.592854,0.53,1.0,51.47,0.19,81.0,2.95,33.46,3.09,30.32,0.06,95.07,27.75,4.49,0.65,79.0,0.0,2.0,0.34
94.26671,100,432.044998,0.93,13.0,94.27,0.0,100.0,1.86,42.31,2.29,39.96,0.06,121.17,45.67,3.91,0.37,56.0,44.0,0.0,0.38
99.000015,100,434.521321,0.8,19.0,99.0,0.0,100.0,1.15,37.4,1.2,36.14,0.06,102.16,39.31,2.14,0.38,57.0,43.0,0.0,0.34
95.40001,100,437.460819,1.0,19.0,95.4,0.02,98.0,1.09,48.32,1.12,47.14,0.05,132.44,38.56,1.44,0.34,50.0,48.0,0.0,0.35
55.6,100,440.30416,1.0,23.0,55.6,0.1,90.0,5.07,53.37,3.49,49.78,0.1,98.51,29.98,2.75,0.38,13.0,13.0,64.0,0.35
75.466675,100,443.741432,-1.0,4.0,75.47,0.02,98.0,4.14,39.09,4.12,34.9,0.07,80.52,38.65,3.25,0.1,35.0,39.0,24.0,0.42
63.933315,100,446.613521,1.0,9.0,63.93,0.03,97.0,5.65,36.31,5.33,30.93,0.06,108.79,35.79,3.53,0.42,61.0,36.0,0.0,0.38
99.8,100,449.275207,1.0,21.0,99.8,0.0,100.0,1.03,26.71,1.04,25.62,0.05,81.73,38.83,1.44,0.34,52.0,47.0,1.0,0.44
45.399994,100,452.111317,0.8,21.0,45.4,0.01,99.0,8.97,32.36,6.18,26.12,0.06,106.21,36.2,4.4,0.38,57.0,42.0,0.0,0.37
96.13336,100,454.40013,1.0,15.0,96.13,0.0,100.0,1.58,22.43,1.87,20.5,0.06,111.97,34.31,3.66,0.43,65.0,35.0,0.0,0.37
81.93337,100,456.629539,0.93,13.0,81.93,0.06,94.0,1.97,91.7,2.45,89.19,0.05,78.02,25.83,3.68,0.67,94.0,0.0,0.0,0.35
89.0,100,458.857426,1.0,19.0,89.0,0.03,97.0,1.77,76.61,1.69,74.87,0.06,77.73,34.06,0.26,0.67,97.0,0.0,0.0,0.36
85.53333,100,461.123958,1.0,23.0,85.53,0.03,97.0,2.31,83.43,1.81,81.51,0.11,59.03,37.95,1.87,0.61,8.0,0.0,89.0,0.34
28.999989,100,463.853352,1.0,23.0,29.0,0.34,66.0,1.68,34.8,1.91,32.79,0.1,87.55,29.54,2.2,0.52,15.0,0.0,51.0,0.36
69.6,100,466.808329,1.0,13.0,69.6,0.08,92.0,3.35,67.04,2.48,64.5,0.06,21.32,17.79,5.32,0.63,87.0,5.0,0.0,0.34
8.599999,100,469.367314,0.0,7.0,8.6,0.05,95.0,13.85,33.63,9.13,24.44,0.06,83.87,38.57,8.18,0.36,44.0,51.0,0.0,0.38
48.6,100,471.76562,0.53,15.0,48.6,0.11,89.0,5.96,29.78,5.7,24.02,0.06,109.37,43.08,3.41,0.43,59.0,28.0,2.0,0.36
39.733334,100,474.219451,0.8,5.0,39.73,0.26,74.0,2.68,29.02,3.34,25.57,0.1,49.86,31.0,3.17,0.49,6.0,8.0,60.0,0.28
62.99996,100,476.373849,0.8,19.0,63.0,0.11,89.0,3.53,31.58,4.37,27.15,0.06,112.27,38.5,1.9,0.18,29.0,42.0,18.0,0.3
0.8666476,100,478.461658,-1.0,1.0,0.87,0.47,53.0,2.45,36.93,2.7,34.11,0.12,55.75,29.26,2.44,0.65,0.0,1.0,52.0,0.34
8.466681,100,480.790203,-1.0,16.0,8.47,0.23,77.0,9.87,28.86,8.08,20.7,0.07,63.23,19.46,1.25,0.48,0.0,55.0,22.0,0.28
2.0,100,483.424679,-1.0,20.0,2.0,0.3,70.0,9.14,27.72,5.89,21.77,0.06,55.74,32.33,3.18,0.36,32.0,38.0,0.0,0.25
20.999964,100,486.060728,-1.0,17.0,21.0,0.35,65.0,3.08,23.86,3.85,19.94,0.08,42.53,4.71,3.64,0.35,9.0,43.0,13.0,0.27
76.79999,100,488.194736,1.0,13.0,76.8,0.0,100.0,4.48,41.44,5.21,36.16,0.06,86.73,32.53,0.82,0.19,42.0,43.0,15.0,0.29
7.000001,100,490.734022,0.0,19.0,7.0,0.03,97.0,14.45,68.99,9.3,59.63,0.06,67.06,16.72,2.77,0.49,74.0,20.0,3.0,0.29
98.8,100,492.938645,1.0,11.0,98.8,0.0,100.0,1.18,91.07,1.24,89.72,0.11,26.4,26.99,5.25,0.63,0.0,6.0,94.0,0.33
84.20001,100,495.31884,0.93,13.0,84.2,0.02,98.0,2.81,35.89,2.89,32.94,0.05,56.87,26.51,4.22,0.41,37.0,61.0,0.0,0.32
3.8,100,498.247092,0.0,7.0,3.8,0.0,100.0,15.43,103.0,9.68,93.26,0.06,89.88,11.88,4.27,0.66,99.0,1.0,0.0,0.35
50.733307,100,500.922571,0.53,7.0,50.73,0.01,99.0,8.16,48.75,7.55,41.15,0.05,132.56,36.93,3.74,0.34,49.0,50.0,0.0,0.45
80.93337,100,504.027342,0.8,13.0,80.93,0.0,100.0,3.86,77.03,4.75,72.22,0.06,83.48,40.56,2.5,0.63,95.0,5.0,0.0,0.36
78.79999,100,506.754987,1.0,15.0,78.8,0.04,96.0,3.06,27.48,2.93,24.5,0.05,58.23,42.8,4.32,0.36,44.0,52.0,0.0,0.35
84.40004,100,509.22351,0.93,5.0,84.4,0.05,95.0,1.88,40.1,2.32,37.66,0.12,70.62,24.65,4.08,0.53,9.0,5.0,81.0,0.35
57.599964,100,511.900867,0.53,11.0,57.6,0.0,100.0,7.36,80.09,6.9,73.08,0.11,82.48,22.08,1.79,0.55,14.0,2.0,84.0,0.37
68.99998,100,514.603288,0.8,13.0,69.0,0.03,97.0,4.87,73.93,5.36,68.52,0.05,81.35,11.6,11.22,0.6,87.0,10.0,0.0,0.3
35.26666,100,516.979181,1.0,1.0,35.27,0.01,99.0,10.51,30.55,7.24,23.23,0.08,92.98,38.68,3.4,0.15,46.0,24.0,29.0,0.36
79.73333,100,519.622676,1.0,3.0,79.73,0.03,97.0,3.21,45.81,3.19,42.56,0.06,91.79,40.21,1.65,0.36,26.0,62.0,9.0,0.35
49.200005,100,522.346888,0.93,9.0,49.2,0.0,100.0,8.62,44.01,6.1,37.86,0.05,73.32,24.49,4.28,0.49,20.0,77.0,3.0,0.33
88.46671,100,525.329428,0.93,1.0,88.47,0.01,99.0,2.44,95.03,2.75,92.22,0.06,83.4,44.5,1.25,0.65,97.0,2.0,0.0,0.35
60.466652,100,528.39392,1.0,19.0,60.47,0.06,94.0,5.39,26.48,4.71,21.7,0.07,96.87,38.84,2.12,0.41,65.0,22.0,7.0,0.32
91.0,100,531.653547,1.0,11.0,91.0,0.04,96.0,1.16,60.26,1.09,59.06,0.11,47.14,26.65,4.53,0.43,12.0,11.0,73.0,0.4
69.666695,100,534.813736,0.93,7.0,69.67,0.13,87.0,1.75,29.42,2.12,27.24,0.06,125.15,34.04,2.77,0.21,38.0,38.0,11.0,0.39
63.86667,100,538.409565,1.0,3.0,63.87,0.17,83.0,1.39,31.97,1.43,30.48,0.06,105.27,37.66,1.94,0.35,40.0,43.0,0.0,0.32
47.466663,100,541.144144,-1.0,20.0,47.47,0.19,81.0,3.69,41.9,3.44,38.37,0.09,34.98,13.53,7.02,0.42,0.0,30.0,51.0,0.41
22.266657,100,543.815081,-1.0,4.0,22.27,0.36,64.0,2.34,48.95,2.93,45.91,0.11,15.43,11.41,2.67,0.62,4.0,0.0,60.0,0.42
-52.000004,100,546.270399,-1.0,12.0,-52.0,0.74,26.0,3.31,17.29,3.65,13.54,0.09,34.75,7.59,3.87,0.36,10.0,1.0,15.0,0.34
-49.4,100,548.49401,-1.0,20.0,-49.4,0.73,27.0,2.89,12.86,3.43,9.33,0.1,40.2,25.65,3.47,0.07,8.0,11.0,8.0,0.33
-11.8,100,550.787383,1.0,23.0,-11.8,0.53,47.0,2.85,18.05,2.53,15.4,0.11,49.75,31.75,8.21,0.67,0.0,0.0,47.0,0.29
-21.800009,100,553.392002,-1.0,22.0,-21.8,0.55,45.0,4.93,27.08,4.67,22.31,0.1,71.28,39.88,2.15,0.37,27.0,2.0,16.0,0.34
6.333316,100,555.778256,-1.0,17.0,6.33,0.45,55.0,2.0,19.02,2.5,16.44,0.08,49.51,27.33,1.11,0.18,27.0,12.0,16.0,0.34
-42.0,100,558.436604,-1.0,22.0,-42.0,0.7,30.0,2.0,23.14,1.97,21.07,0.11,40.36,29.88,0.3,0.51,1.0,5.0,24.0,0.34
-23.599998,100,561.393774,1.0,15.0,-23.6,0.59,41.0,3.05,17.28,3.26,13.95,0.07,52.58,24.74,4.53,0.41,25.0,16.0,0.0,0.32
-22.333344,100,563.970863,-1.0,0.0,-22.33,0.57,43.0,3.91,39.88,4.83,34.98,0.08,15.23,9.0,108.3,0.6,0.0,39.0,4.0,0.36
17.333305,100,566.737854,-1.0,4.0,17.33,0.3,70.0,5.86,21.16,5.5,15.6,0.06,87.85,27.94,6.71,0.22,33.0,27.0,10.0,0.33
20.999989,100,569.658803,-1.0,18.0,21.0,0.31,69.0,4.7,18.66,4.01,14.58,0.07,108.02,34.38,1.87,0.08,28.0,21.0,20.0,0.3
-0.40001583,100,571.88745,-1.0,16.0,-0.4,0.44,56.0,4.32,16.09,4.51,11.5,0.08,109.59,28.77,3.84,0.05,16.0,20.0,20.0,0.35
35.466637,100,574.90482,0.93,9.0,35.47,0.24,76.0,4.26,48.6,3.88,44.66,0.06,30.94,5.59,7.81,0.57,0.0,65.0,11.0,0.34
61.93335,100,577.710142,-1.0,12.0,61.93,0.11,89.0,3.71,26.2,4.19,21.96,0.06,87.27,29.93,3.31,0.37,40.0,49.0,0.0,0.37
89.600006,100,580.189485,1.0,7.0,89.6,0.05,95.0,1.06,29.33,1.08,28.19,0.05,110.23,41.62,3.45,0.39,39.0,56.0,0.0,0.36
54.666664,100,582.630605,1.0,1.0,54.67,0.18,82.0,2.71,46.74,2.59,44.1,0.06,46.6,33.86,1.24,0.6,75.0,1.0,6.0,0.36
61.000015,100,585.435821,-1.0,20.0,61.0,0.17,83.0,1.9,25.28,1.97,23.23,0.08,63.63,34.14,3.22,0.31,49.0,10.0,24.0,0.35
37.799976,100,588.250306,1.0,9.0,37.8,0.24,76.0,3.8,22.67,4.3,18.32,0.05,61.82,31.5,2.74,0.33,38.0,38.0,0.0,0.37
60.466663,100,590.726064,1.0,15.0,60.47,0.18,82.0,1.65,38.33,1.64,36.59,0.1,33.61,19.53,2.6,0.33,9.0,50.0,23.0,0.35
85.40004,100,593.20338,0.93,15.0,85.4,0.03,97.0,2.33,65.28,2.73,62.43,0.11,25.72,12.81,5.0,0.49,19.0,75.0,3.0,0.39
53.999954,100,595.633289,0.8,23.0,54.0,0.14,86.0,4.14,63.32,5.06,58.14,0.12,53.45,31.25,2.05,0.66,0.0,1.0,85.0,0.34
56.0,100,598.027101,-1.0,23.0,56.0,0.22,78.0,1.0,24.92,1.0,23.85,0.07,47.58,31.64,1.23,0.06,23.0,25.0,30.0,0.35
-36.4,100,600.08894,-1.0,19.0,-36.4,0.67,33.0,2.09,28.76,1.86,26.79,0.11,71.38,25.93,4.84,0.59,4.0,0.0,29.0,0.32
12.0,100,602.439708,1.0,21.0,12.0,0.44,56.0,1.0,48.95,1.0,47.89,0.06,31.79,37.14,3.55,0.61,5.0,51.0,0.0,0.3
-32.6,100,604.565575,-1.0,5.0,-32.6,0.64,36.0,2.92,14.04,3.39,10.56,0.1,30.19,12.56,4.33,0.17,15.0,6.0,15.0,0.36
-32.2,100,606.842204,1.0,15.0,-32.2,0.66,34.0,1.09,34.22,1.12,33.06,0.05,32.58,10.77,4.03,0.67,0.0,34.0,0.0,0.35
-65.200005,100,609.133746,-1.0,0.0,-65.2,0.81,19.0,3.53,19.21,4.37,14.74,0.11,52.82,37.84,2.9,0.53,2.0,1.0,16.0,0.32
40.133305,100,611.726671,0.93,7.0,40.13,0.26,74.0,2.59,54.38,3.11,51.22,0.06,62.2,44.15,3.36,0.67,74.0,0.0,0.0,0.3
18.6,100,614.584695,1.0,21.0,18.6,0.4,60.0,1.35,32.76,1.32,31.37,0.07,27.15,13.58,5.53,0.48,17.0,43.0,0.0,0.39
43.73333,100,617.046441,-1.0,20.0,43.73,0.27,73.0,1.47,16.44,1.64,14.71,0.08,36.6,20.41,3.66,0.29,25.0,40.0,8.0,0.35
-41.133335,100,619.660323,1.0,17.0,-41.13,0.66,34.0,5.03,15.98,5.21,10.71,0.06,50.5,39.94,4.05,0.25,7.0,20.0,7.0,0.35
-8.133327,100,622.339872,-1.0,24.0,-8.13,0.49,51.0,3.98,20.77,4.03,16.67,0.07,65.88,32.4,2.1,0.34,33.0,7.0,11.0,0.32
76.8,100,624.477366,0.8,17.0,76.8,0.02,98.0,3.94,100.1,4.92,95.06,0.12,42.55,34.97,3.63,0.65,1.0,1.0,96.0,0.32
66.26668,100,626.576674,0.93,21.0,66.27,0.14,86.0,2.0,85.65,2.5,83.09,0.05,29.49,33.39,2.7,0.67,0.0,86.0,0.0,0.35
61.266663,100,629.105517,1.0,11.0,61.27,0.19,81.0,1.14,35.38,1.2,34.07,0.1,42.95,28.13,0.94,0.44,18.0,5.0,58.0,0.33
41.999985,100,631.446542,0.53,7.0,42.0,0.06,94.0,8.34,80.6,7.61,72.94,0.06,46.94,39.85,3.28,0.62,88.0,6.0,0.0,0.31
8.0,100,633.731568,0.0,15.0,8.0,0.05,95.0,13.95,80.13,8.88,71.18,0.06,27.87,10.27,3.3,0.57,14.0,81.0,0.0,0.33
19.333332,100,636.134145,0.93,3.0,19.33,0.34,66.0,3.88,22.01,3.94,18.0,0.07,29.3,17.7,4.49,0.43,49.0,11.0,6.0,0.33
-4.866667,100,638.751591,0.0,9.0,-4.87,0.1,90.0,15.14,75.68,9.59,66.0,0.09,33.62,11.3,5.12,0.53,10.0,76.0,4.0,0.29
24.19998,100,641.331908,0.0,17.0,24.2,0.17,83.0,8.55,27.7,6.6,21.01,0.09,45.99,25.9,1.86,0.24,16.0,21.0,46.0,0.33
45.466633,100,643.945988,-1.0,15.0,45.47,0.19,81.0,4.06,20.41,4.8,15.56,0.05,104.11,37.69,2.58,0.4,48.0,33.0,0.0,0.35
46.933334,100,646.958987,1.0,23.0,46.93,0.18,82.0,4.12,23.42,3.84,19.51,0.07,90.22,31.9,5.27,0.2,21.0,18.0,43.0,0.37
91.40001,100,649.324529,-1.0,17.0,91.4,0.04,96.0,1.09,25.09,1.12,23.92,0.05,119.56,40.38,2.3,0.34,49.0,47.0,0.0,0.33
54.6,100,651.583946,1.0,15.0,54.6,0.18,82.0,2.72,28.36,2.09,26.17,0.11,39.23,11.84,5.77,0.18,15.0,37.0,30.0,0.36
75.53333,100,654.331385,1.0,5.0,75.53,0.12,88.0,1.08,51.88,1.07,50.7,0.1,56.31,43.37,2.44,0.42,9.0,15.0,64.0,0.34
-14.799998,100,656.43634,0.0,3.0,-14.8,0.47,53.0,6.89,16.05,5.11,10.87,0.07,66.53,29.65,2.38,0.1,17.0,22.0,14.0,0.33
-12.199998,100,659.138014,-1.0,16.0,-12.2,0.45,55.0,7.05,22.75,6.55,16.15,0.06,37.95,24.94,3.71,0.53,11.0,44.0,0.0,0.36
93.33338,100,661.194173,0.93,15.0,93.33,0.0,100.0,2.0,103.55,2.5,101.0,0.05,14.39,3.06,34.22,0.67,0.0,100.0,0.0,0.31
45.466667,100,663.927175,0.93,17.0,45.47,0.25,75.0,1.91,46.49,2.31,44.08,0.1,39.49,34.03,6.45,0.53,13.0,1.0,61.0,0.31
3.5333185,100,665.987281,-1.0,2.0,3.53,0.43,57.0,3.75,15.0,3.82,11.12,0.07,93.86,32.35,3.41,0.36,31.0,26.0,0.0,0.32
8.599991,100,668.014717,-1.0,20.0,8.6,0.45,55.0,1.38,18.94,1.57,17.27,0.09,58.64,31.59,1.68,0.36,25.0,0.0,30.0,0.33
-44.733334,100,669.973051,-1.0,16.0,-44.73,0.7,30.0,3.37,20.01,3.03,16.87,0.11,60.05,29.27,2.8,0.6,3.0,0.0,27.0,0.32
