,timestamp,SessionID,CandidateID,Config,latency,throttle,throuput_dl,throuput_ul,packetsize_dl,packetsize_ul,inter_arrival_dl,inter_arrival_ul
0,0,8,B,D,500.0,500.0,535.328,695.24,420.8553459119497,583.255033557047,0.003303308176100629,0.006634489932885906
1,1,8,B,D,500.0,500.0,507.6,821.12,396.5625,645.5345911949686,0.00316146875,0.006224088050314465
2,2,8,B,D,500.0,500.0,596.376,737.68,460.1666666666667,631.5753424657535,0.0032604629629629615,0.0067689794520547925
3,3,8,B,D,500.0,500.0,312.0,809.608,469.87951807228916,636.4842767295597,0.00018196385542169048,0.006212100628930818
4,4,8,B,D,500.0,500.0,558.984,777.568,450.7935483870968,643.682119205298,0.003325116129032261,0.006549119205298012
5,5,8,B,D,500.0,500.0,460.88,694.736,411.5,598.9103448275862,0.003694514285714285,0.006829565517241376
6,6,8,B,D,500.0,500.0,544.44,765.12,459.8310810810811,597.75,0.0034935810810810828,0.006182731250000001
7,7,8,B,D,500.0,500.0,562.296,628.648,436.5652173913044,516.9802631578947,0.003180621118012423,0.006510059210526316
8,8,8,B,D,500.0,500.0,537.216,673.04,438.9019607843137,584.2361111111111,0.0033684052287581714,0.006846645833333337
9,9,8,B,D,500.0,500.0,522.184,676.48,395.5939393939394,579.1780821917808,0.003192284848484855,0.006773294520547947
10,10,8,B,D,500.0,500.0,584.184,806.824,462.17088607594934,654.8896103896104,0.003326810126582281,0.006420974025974026
11,11,8,B,D,500.0,500.0,601.12,771.584,455.3939393939394,630.3790849673203,0.003239575757575759,0.0063713006535947745
12,12,8,B,D,500.0,500.0,761.336,662.664,559.8058823529411,530.9807692307693,0.003086835294117652,0.006337782051282055
13,13,8,B,D,500.0,500.0,591.928,747.072,486.7828947368421,606.3896103896104,0.003393236842105264,0.006420409090909099
14,14,8,B,D,500.0,500.0,639.72,965.656,502.92452830188677,745.104938271605,0.003242993710691828,0.0061038086419753146
15,15,8,B,D,500.0,500.0,640.968,944.432,500.75625,766.5844155844156,0.0032299437499999973,0.006404694805194808
16,16,8,B,D,500.0,500.0,725.72,955.208,570.5345911949686,785.5328947368421,0.003197207547169828,0.006512927631578934
17,17,8,B,D,500.0,500.0,729.736,1025.712,563.0679012345679,827.1870967741935,0.003178635802469125,0.006379677419354834
18,18,8,B,D,500.0,500.0,574.28,1054.6,624.2173913043479,808.7423312883435,0.004712539130434772,0.005989024539877296
19,19,8,B,D,500.0,500.0,800.272,822.816,558.8491620111732,650.9620253164557,0.0028964245810055725,0.00626966455696203
20,20,8,B,D,500.0,500.0,373.832,745.04,569.8658536585366,616.7549668874173,3.326829268289782e-05,0.006552735099337753
21,21,8,B,D,500.0,500.0,661.04,841.128,497.7710843373494,673.9807692307693,0.003148746987951824,0.00631959615384615
22,22,8,B,D,500.0,500.0,611.464,772.088,480.71069182389937,626.6948051948052,0.0032276352201257774,0.006418012987012989
23,23,8,B,D,500.0,500.0,639.072,982.128,478.34730538922156,792.0387096774193,0.003180754491017974,0.006381548387096768
24,24,8,B,D,500.0,500.0,654.256,1046.0,486.79761904761904,832.8025477707006,0.003092285714285701,0.006217414012738842
25,25,8,B,D,500.0,500.0,654.224,1072.272,501.70552147239266,899.5570469798657,0.003207361963190185,0.006628080536912764
26,26,8,B,D,500.0,500.0,720.208,1103.512,552.3067484662577,856.7639751552795,0.003154766871165655,0.006139130434782622
27,27,8,B,D,500.0,500.0,679.128,918.672,520.8036809815951,775.9054054054054,0.003166067484662587,0.006599979729729714
28,28,8,B,D,500.0,500.0,767.344,1092.888,570.9404761904761,822.9578313253012,0.0031662559523809534,0.00587289156626507
29,29,8,B,D,500.0,500.0,690.216,704.416,539.23125,590.9530201342282,0.0032019250000000056,0.006631375838926188
30,30,8,B,D,500.0,500.0,935.968,848.208,696.4047619047619,679.6538461538462,0.003090500000000012,0.006351275641025635
31,31,8,B,D,500.0,500.0,675.632,935.888,518.1226993865031,726.6211180124224,0.003161208588957062,0.006141534161490696
32,32,8,B,D,500.0,500.0,777.496,930.56,571.6882352941177,740.891719745223,0.0031352176470588566,0.006282229299363077
33,33,8,B,D,500.0,500.0,751.44,893.336,569.2727272727273,706.753164556962,0.0032093454545454934,0.006254025316455678
34,34,8,B,D,500.0,500.0,685.072,793.072,541.9873417721519,688.4305555555555,0.0032533291139240582,0.006768499999999979
35,35,8,B,D,500.0,500.0,782.344,925.624,571.8888888888889,727.6918238993711,0.0031079766081871744,0.006214647798742143
36,36,8,B,D,500.0,500.0,625.024,765.704,476.390243902439,601.9685534591194,0.0031952073170731774,0.006229918238993727
37,37,8,B,D,500.0,500.0,332.912,696.656,526.7594936708861,558.2179487179487,4.436708860764669e-05,0.006335211538461531
38,38,8,B,D,500.0,500.0,688.848,675.6,534.8198757763976,524.5341614906832,0.00319432298136645,0.006124906832298159
39,39,8,B,D,500.0,500.0,663.056,773.688,524.5696202531645,608.2452830188679,0.0032163481012658385,0.006212056603773562
40,40,8,B,D,500.0,500.0,659.888,664.072,525.3885350318471,542.5424836601308,0.0033598152866242347,0.006193313725490166
41,41,8,B,D,500.0,500.0,821.624,615.52,590.2471264367816,565.7352941176471,0.00310460344827584,0.0071188970588235345
42,42,8,B,D,500.0,500.0,692.392,536.088,530.9754601226994,458.97945205479454,0.0031278650306748408,0.006468246575342467
43,43,8,B,D,500.0,500.0,616.904,675.656,478.9627329192547,511.8606060606061,0.003211881987577652,0.005823072727272743
44,44,8,B,D,500.0,500.0,778.128,646.44,593.0853658536586,508.20754716981133,0.0033495060975609575,0.006205987421383665
45,45,8,B,D,500.0,500.0,795.52,696.6,588.4023668639053,565.422077922078,0.0031324142011834393,0.006397733766233754
46,46,8,B,D,500.0,500.0,856.888,616.392,641.3832335329341,500.3181818181818,0.0032822694610778387,0.006422701298701276
47,47,8,B,D,500.0,500.0,924.248,720.616,660.1771428571428,559.4844720496894,0.0031086628571428522,0.006135360248447182
48,48,8,B,D,500.0,500.0,957.304,779.776,803.1073825503356,601.679012345679,0.0034054966442952934,0.006100641975308638
49,49,8,B,D,500.0,500.0,777.872,948.08,596.5276073619632,740.6875,0.003135883435582798,0.006175525000000004
50,50,8,B,D,500.0,500.0,740.416,847.68,560.9212121212121,650.0613496932515,0.003213339393939383,0.006058699386503086
51,51,8,B,D,500.0,500.0,508.984,824.624,706.9222222222222,648.2893081761006,4.548888888891156e-05,0.006213566037735859
52,52,8,B,D,500.0,500.0,951.816,685.28,712.437125748503,538.7421383647799,0.003203365269461079,0.006214811320754711
53,53,8,B,D,500.0,500.0,787.864,745.472,604.1901840490798,578.7826086956521,0.003161092024539895,0.0060607391304348
54,54,8,B,D,500.0,500.0,817.552,778.56,623.1341463414634,608.25,0.0030941890243902383,0.0061811375
55,55,8,B,D,500.0,500.0,861.512,825.976,652.660606060606,645.29375,0.0031599393939394167,0.006175806250000004
56,56,8,B,D,500.0,500.0,880.968,801.752,679.7592592592592,626.36875,0.003146537037037057,0.006169049999999965
57,57,8,B,D,500.0,500.0,899.392,756.144,689.717791411043,598.2151898734177,0.003171349693251503,0.006264151898734181
58,58,8,B,D,500.0,500.0,861.92,752.704,645.1497005988024,599.2866242038217,0.0030979281437125594,0.0062327070063694315
59,59,8,B,D,500.0,500.0,909.528,804.344,668.7705882352941,648.6645161290322,0.003185041176470595,0.006426393548387096
60,60,8,B,D,500.0,500.0,777.216,666.96,614.8860759493671,544.9019607843137,0.003270974683544282,0.006399745098039247
61,61,8,B,D,500.0,500.0,892.96,784.04,672.4096385542168,640.5555555555555,0.0031380903614458035,0.00646146405228755
62,62,8,B,D,500.0,500.0,676.488,827.792,509.40361445783134,642.695652173913,0.003083192771084319,0.006152242236024832
63,63,8,B,D,500.0,500.0,614.576,817.744,483.15723270440253,668.0915032679738,0.003212345911949668,0.006465359477124162
64,64,8,B,D,500.0,500.0,684.488,741.288,524.9141104294479,605.6274509803922,0.0031551717791410737,0.006369797385620952
65,65,8,B,D,500.0,500.0,805.192,823.168,562.2849162011173,627.4146341463414,0.0031568938547485966,0.0060317804878048465
66,66,8,B,D,500.0,500.0,654.304,853.52,486.8333333333333,697.3202614379085,0.003073315476190481,0.0064225359477124025
67,67,8,B,D,500.0,500.0,700.416,1044.008,533.8536585365854,815.63125,0.003174158536585355,0.006193568750000012
68,68,8,B,D,500.0,500.0,313.696,995.272,509.24675324675326,834.9597315436241,3.748051948038322e-05,0.006596127516778498
69,69,8,B,D,500.0,500.0,947.248,843.984,668.9604519774011,635.5301204819277,0.003078954802259852,0.005969234939759035
70,70,8,B,D,500.0,500.0,818.368,689.056,616.2409638554217,559.2987012987013,0.0032696867469879233,0.006339564935064924
71,71,8,B,D,500.0,500.0,879.608,739.224,691.5157232704403,570.3888888888889,0.003190314465408819,0.006101481481481464
72,72,8,B,D,500.0,500.0,787.216,640.0,562.2971428571428,500.0,0.0031908114285714158,0.0061758375000000145
73,73,8,B,D,500.0,500.0,681.744,690.568,529.304347826087,553.3397435897435,0.003206900621117935,0.006324782051282049
74,74,8,B,D,500.0,500.0,695.56,760.008,523.7650602409639,593.75625,0.003213855421686769,0.0061823999999999655
75,75,8,B,D,500.0,500.0,711.872,733.28,549.283950617284,603.0263157894736,0.00318119135802472,0.006515098684210548
76,76,8,B,D,500.0,500.0,854.328,729.936,628.1823529411764,559.7668711656441,0.0030365529411765005,0.006061883435582866
77,77,8,B,D,500.0,500.0,861.152,796.176,664.4691358024692,618.1490683229814,0.003152413580246878,0.006143074534161498
78,78,8,B,D,500.0,500.0,862.464,857.016,661.398773006135,657.2208588957055,0.00326213496932516,0.006061754601227015
79,79,8,B,D,500.0,500.0,876.336,826.216,663.8909090909091,670.6298701298701,0.003232915151515196,0.006403746753246739
80,80,8,B,D,500.0,500.0,818.272,752.36,639.275,591.4779874213837,0.0031918062499999957,0.0062149748427672786
81,81,8,B,D,500.0,500.0,866.072,755.512,629.4127906976744,605.3782051282051,0.0030622093023256122,0.006268673076923083
82,82,8,B,D,500.0,500.0,317.064,804.144,501.6835443037975,670.12,0.00022258227848100478,0.006574573333333262
83,83,8,B,D,500.0,500.0,758.184,920.536,564.125,680.8698224852071,0.003050374999999981,0.005847201183431997
84,84,8,B,D,500.0,500.0,729.224,812.52,573.2893081761006,705.3125,0.0032584213836478197,0.006865833333333349
85,85,8,B,D,500.0,500.0,769.776,1097.968,576.1796407185628,807.3294117647059,0.003274862275449119,0.005816076470588213
86,86,8,B,D,500.0,500.0,816.536,1040.432,618.5878787878788,802.8024691358024,0.003134624242424231,0.006114203703703671
87,87,8,B,D,500.0,500.0,868.72,853.024,631.3372093023256,730.3287671232877,0.0030105697674418096,0.00676901369863013
88,88,8,B,D,500.0,500.0,694.36,1012.84,532.4846625766871,791.28125,0.0032315092024539855,0.006101349999999961
89,89,8,B,D,500.0,500.0,703.696,970.712,526.7185628742515,777.8141025641025,0.003133335329341342,0.006338839743589776
90,90,8,B,D,500.0,500.0,756.672,734.96,594.8679245283018,642.4475524475524,0.0032331320754716646,0.00692969930069924
91,91,8,B,D,500.0,500.0,753.656,709.12,577.9570552147239,651.7647058823529,0.0031863558282208223,0.007266066176470598
92,92,8,B,D,500.0,500.0,765.272,1099.064,601.62893081761,864.0440251572327,0.0032412767295597975,0.0062270251572327405
93,93,8,B,D,500.0,500.0,688.128,1110.552,518.1686746987951,873.0754716981132,0.003123807228915661,0.006216911949685542
94,94,8,B,D,500.0,500.0,687.96,1033.432,544.2721518987341,849.8618421052631,0.0032862025316455963,0.006424657894736802
95,95,8,B,D,500.0,500.0,725.944,1130.112,553.310975609756,882.9,0.003156640243902465,0.006181862500000079
96,96,8,B,D,500.0,500.0,707.6,1143.528,556.2893081761006,887.8322981366459,0.0032311006289308182,0.006121776397515466
97,97,8,B,D,500.0,500.0,732.232,1006.472,554.7212121212121,850.0608108108108,0.0032750666666666547,0.006490081081081085
98,98,8,B,D,500.0,500.0,345.256,1025.4,526.3048780487804,811.2341772151899,4.46951219511955e-05,0.006322822784810091
99,99,8,B,D,500.0,500.0,733.76,1064.616,549.2215568862275,811.4451219512196,0.003331323353293414,0.00602526829268296
100,100,8,B,D,500.0,500.0,653.968,852.856,510.9125,706.0066225165563,0.0032424250000000045,0.006455642384105939
101,101,8,B,D,500.0,500.0,690.128,999.912,510.44970414201185,743.9821428571429,0.003287928994082859,0.00588517261904762
102,102,8,B,D,500.0,500.0,609.216,836.808,470.0740740740741,692.7218543046357,0.0032519012345679174,0.006531251655629175
103,103,8,B,D,500.0,500.0,567.112,954.792,443.05625,806.4121621621622,0.0032066812500000097,0.006672141891891881
104,104,8,B,D,500.0,500.0,608.816,985.28,466.8834355828221,826.5771812080537,0.0031243128834355215,0.006646744966442933
105,105,8,B,D,500.0,500.0,674.488,918.216,520.4382716049382,1072.6822429906542,0.0032064135802469477,0.009131196261682179
106,106,8,B,D,500.0,500.0,831.608,1235.728,587.2937853107345,983.859872611465,0.0032409774011299846,0.006292592356687912
107,107,8,B,D,500.0,500.0,732.816,814.232,542.0236686390532,616.8424242424243,0.0031899289940828983,0.005998569696969746
108,108,8,B,D,500.0,500.0,367.864,910.768,306.55333333333334,702.7530864197531,0.003460426666666668,0.006101549382716123
109,109,8,B,D,500.0,500.0,859.112,994.32,617.1781609195402,845.5102040816327,0.0029154770114941954,0.006720653061224523
110,110,8,B,D,500.0,500.0,769.656,1091.944,628.8039215686274,874.9551282051282,0.0033766470588235276,0.006348660256410272
111,111,8,B,D,500.0,500.0,1049.68,1183.84,741.2994350282486,924.875,0.002968661016949146,0.006125606250000004
112,112,8,B,D,500.0,500.0,426.336,991.984,701.2105263157895,867.1188811188811,4.796052631586702e-05,0.0067141188811188236
113,113,8,B,D,500.0,500.0,1105.616,974.336,776.4157303370787,822.918918918919,0.0029946460674157094,0.006447378378378367
114,114,8,B,D,500.0,500.0,852.016,1150.184,678.3566878980891,876.6646341463414,0.003296439490445914,0.006044548780487771
115,115,8,B,D,500.0,500.0,773.128,941.68,592.8895705521472,840.7857142857143,0.0031809325153373917,0.007062585714285673
116,116,8,B,D,500.0,500.0,835.72,849.88,652.90625,689.8376623376623,0.003405706250000051,0.006365954545454532
117,117,8,B,D,500.0,500.0,798.32,763.904,623.6875,604.3544303797469,0.0032022875000000004,0.00632716455696209
118,118,8,B,D,500.0,500.0,811.704,891.864,704.6041666666666,719.2451612903226,0.003672937499999998,0.006292625806451629
119,119,8,B,D,500.0,500.0,839.024,936.184,599.3028571428572,717.9325153374233,0.003147451428571425,0.006064748466257716
120,120,8,B,D,500.0,500.0,752.016,606.576,540.2413793103449,512.3108108108108,0.002953649425287377,0.006694297297297233
121,121,8,B,D,500.0,500.0,692.08,746.472,537.3291925465838,609.8627450980392,0.0031726708074534364,0.006368503267973817
122,122,8,B,D,500.0,500.0,557.936,969.568,433.1801242236025,752.7701863354038,0.0032502981366459437,0.0062083788819875885
123,123,8,B,D,500.0,500.0,452.088,884.816,346.69325153374234,691.2625,0.0031480184049079585,0.006107543750000044
124,124,8,B,D,500.0,500.0,1029.056,958.64,735.04,739.6913580246913,0.0030027142857142865,0.0061045864197530365
125,125,8,B,D,500.0,500.0,1337.872,1034.616,972.2906976744187,808.29375,0.0030241453488372536,0.006153768750000043
126,126,8,B,D,500.0,500.0,1172.8,1097.448,964.4736842105264,857.38125,0.0033600263157894487,0.006175412499999933
127,127,8,B,D,500.0,500.0,1408.944,1033.024,1029.9298245614036,833.083870967742,0.0029656842105263074,0.0062891225806452206
128,128,8,B,D,500.0,500.0,577.72,1067.08,937.8571428571429,823.3641975308642,3.728571428570075e-05,0.006159450617283894
129,129,8,B,D,500.0,500.0,1229.208,1097.12,942.6441717791411,867.9746835443038,0.003141957055214666,0.006170474683544407
130,130,8,B,D,500.0,500.0,1210.984,1206.92,923.0060975609756,925.5521472392638,0.003246219512195056,0.006069920245398753
131,131,8,B,D,500.0,500.0,1303.2,1094.648,925.5681818181819,860.5723270440252,0.0030105284090907636,0.006211937106918205
132,132,8,B,D,500.0,500.0,1249.68,946.704,882.542372881356,788.92,0.0029749152542372275,0.006589753333333306
133,133,8,B,D,500.0,500.0,984.68,1033.44,764.5031055900621,759.8823529411765,0.00322218012422352,0.005814376470588326
134,134,8,B,D,500.0,500.0,1022.68,854.456,784.2638036809816,736.6,0.0031032515337423502,0.006332917241379305
135,135,8,B,D,500.0,500.0,1260.632,955.52,932.4201183431952,741.8633540372671,0.003062863905325347,0.006063062111801309
136,136,8,B,D,500.0,500.0,1152.976,1029.08,917.9745222929936,824.5833333333334,0.003237732484076535,0.0061576794871795165
137,137,8,B,D,500.0,500.0,1067.544,1092.584,823.7222222222222,837.8711656441718,0.003207666666666695,0.00604948466257665
138,138,8,B,D,500.0,500.0,1055.952,1045.416,814.7777777777778,816.73125,0.003137240740740854,0.006177349999999926
139,139,8,B,D,500.0,500.0,1170.408,998.528,865.6863905325444,780.1,0.0031046213017750703,0.006172093750000052
140,140,8,B,D,500.0,500.0,1228.904,985.984,867.8700564971751,780.0506329113924,0.002938446327683621,0.006185056962025299
141,141,8,B,D,500.0,500.0,966.608,875.704,759.9119496855346,744.6462585034013,0.00328280503144649,0.006727367346938774
142,142,8,B,D,500.0,500.0,1054.208,963.216,813.4320987654321,776.7870967741935,0.003202845679012265,0.0062877935483870275
143,143,8,B,D,500.0,500.0,1419.568,901.48,1049.9763313609467,777.1379310344828,0.0030047041420117595,0.006639268965517235
144,144,8,B,D,500.0,500.0,1212.16,931.144,907.3053892215569,770.8145695364238,0.003123832335329362,0.006563390728476838
145,145,8,B,D,500.0,500.0,824.776,944.104,624.8303030303031,756.4935897435897,0.003107884848484997,0.0063361410256408575
146,146,8,B,D,500.0,500.0,488.464,960.72,678.4222222222222,790.0657894736842,0.0002777111111110268,0.006425486842105281
147,147,8,B,D,500.0,500.0,893.016,807.296,689.0555555555555,659.5555555555555,0.0031880679012346036,0.006458601307189587
148,148,8,B,D,500.0,500.0,783.2,717.856,604.320987654321,645.5539568345324,0.003186839506172994,0.007117115107913744
149,149,8,B,D,500.0,500.0,771.64,1028.488,588.140243902439,818.859872611465,0.00317536585365851,0.0062938216560510345
150,150,8,B,D,500.0,500.0,743.152,1027.784,576.9813664596273,808.0062893081761,0.003211695652173822,0.0062330377358490174
151,151,8,B,D,500.0,500.0,745.32,994.0,557.874251497006,801.6129032258065,0.003089946107784401,0.0063838774193549575
152,152,8,B,D,500.0,500.0,858.4,971.424,631.1764705882352,788.4935064935065,0.003039105882352795,0.006411051948051946
153,153,8,B,D,500.0,500.0,681.616,1076.28,650.3969465648855,846.1320754716982,0.00400712977099238,0.006215559748427788
154,154,8,B,D,500.0,500.0,792.832,1083.76,615.5527950310559,841.4285714285714,0.003290223602484539,0.0061239130434782765
155,155,8,B,D,500.0,500.0,777.576,1027.536,578.5535714285714,834.038961038961,0.0032317678571428267,0.0064152012987011555
156,156,8,B,D,500.0,500.0,493.056,1164.656,378.11042944785277,882.3151515151516,0.003157490797545968,0.006003781818181799
157,157,8,B,D,500.0,500.0,745.72,1038.312,568.3841463414634,806.1428571428571,0.003113560975609799,0.006142956521739259
158,158,8,B,D,500.0,500.0,767.312,915.08,592.0617283950618,767.6845637583892,0.0032004876543208953,0.006546302013422696
159,159,8,B,D,500.0,500.0,755.248,931.384,572.1575757575757,765.9407894736842,0.0030812848484848047,0.006503151315789368
160,160,8,B,D,500.0,500.0,862.528,1037.032,626.8372093023256,795.2699386503067,0.0032431976744185793,0.006050239263803657
161,161,8,B,D,500.0,500.0,737.864,806.28,558.9878787878788,646.0576923076923,0.003231490909090932,0.006342083333333466
162,162,8,B,D,500.0,500.0,336.232,815.52,488.7093023255814,645.1898734177215,0.006144093023255775,0.006255734177215355
163,163,8,B,D,500.0,500.0,672.944,787.072,525.7375,638.8571428571429,0.0031740812499998937,0.006420928571428549
164,164,8,B,D,500.0,500.0,713.496,817.272,553.9565217391304,676.5496688741722,0.0032351180124222715,0.006546350993377607
165,165,8,B,D,500.0,500.0,851.312,928.632,618.6860465116279,748.8967741935484,0.0030597499999999605,0.00637693548387101
166,166,8,B,D,500.0,500.0,588.224,966.36,483.7368421052632,774.3269230769231,0.0033756249999999524,0.006320711538461519
167,167,8,B,D,500.0,500.0,941.448,780.184,625.9627659574468,591.0484848484848,0.0030299361702127367,0.005991072727272757
168,168,8,B,D,500.0,500.0,700.536,722.04,530.709090909091,571.2341772151899,0.003298206060606107,0.00625976582278487
169,169,8,B,D,500.0,500.0,610.296,750.208,446.12280701754383,597.2993630573249,0.003205023391812836,0.006218859872611447
170,170,8,B,D,500.0,500.0,702.536,736.64,542.0802469135803,558.060606060606,0.0032753024691357727,0.0059891696969697076
171,171,8,B,D,500.0,500.0,664.464,845.952,506.4512195121951,640.8727272727273,0.0031296219512195584,0.005991284848484859
172,172,8,B,D,500.0,500.0,650.624,943.976,514.7341772151899,756.3910256410256,0.0032692215189873393,0.0063171858974358525
173,173,8,B,D,500.0,500.0,735.664,792.664,567.641975308642,692.8881118881119,0.0031365864197530975,0.006800153846154007
174,174,8,B,D,500.0,500.0,563.12,966.48,591.5126050420168,755.0625,0.004332663865546308,0.006227012500000129
175,175,8,B,D,500.0,500.0,532.384,1021.456,528.1587301587301,793.055900621118,0.0040815158730159356,0.006069192546583974
176,176,8,B,D,500.0,500.0,851.816,800.176,598.185393258427,629.069182389937,0.003143696629213414,0.006212691823899398
177,177,8,B,D,500.0,500.0,701.68,703.488,501.2,578.5263157894736,0.0031211657142856506,0.0064964473684210435
178,178,8,B,D,500.0,500.0,574.152,631.624,422.17058823529413,496.55974842767296,0.003117799999999955,0.006216654088050348
179,179,8,B,D,500.0,500.0,569.184,696.16,456.0769230769231,554.2675159235669,0.003311455128205045,0.006311961783439389
180,180,8,B,D,500.0,500.0,624.4,795.352,475.9146341463415,641.4129032258064,0.003107304878048848,0.006387703225806446
181,181,8,B,D,500.0,500.0,674.304,687.504,498.7455621301775,605.1971830985915,0.0031109526627218073,0.006878211267605484
182,182,8,B,D,500.0,500.0,718.896,802.64,544.6181818181818,647.2903225806451,0.0030697454545454343,0.006376909677419279
183,183,8,B,D,500.0,500.0,710.288,785.68,541.3780487804878,672.6712328767123,0.003168000000000027,0.006771801369863074
184,184,8,B,D,500.0,500.0,680.28,810.064,524.9074074074074,653.2774193548387,0.003190358024691401,0.0063739741935483875
185,185,8,B,D,500.0,500.0,719.496,725.368,529.0411764705882,621.0342465753424,0.003245635294117686,0.006789376712328645
186,186,8,B,D,500.0,500.0,672.76,669.84,509.6666666666667,558.2,0.003221115151515016,0.0065875799999999644
187,187,8,B,D,500.0,500.0,262.512,543.176,368.69662921348316,730.0752688172043,0.0002594382022471492,0.009618483870967769
188,188,8,B,D,500.0,500.0,571.84,945.448,415.5813953488372,767.4090909090909,0.0030761453488372514,0.00641516883116877
189,189,8,B,D,500.0,500.0,724.008,712.536,529.2456140350877,543.0914634146342,0.0030090994152046717,0.006013914634146445
190,190,8,B,D,500.0,500.0,650.448,889.52,486.8622754491018,682.1472392638037,0.0031118862275449685,0.006071104294478482
191,191,8,B,D,500.0,500.0,646.416,685.384,478.1183431952663,542.2341772151899,0.0031448284023668513,0.006259594936708812
192,192,8,B,D,500.0,500.0,535.744,671.432,398.6190476190476,534.5796178343949,0.0030177083333334004,0.006289942675159151
193,193,8,B,D,500.0,500.0,564.384,807.96,424.9879518072289,639.2088607594936,0.003112530120481976,0.00617079113924053
194,194,8,B,D,500.0,500.0,687.088,732.912,514.2874251497007,594.8961038961039,0.00326985029940119,0.006414629870129878
195,195,8,B,D,500.0,500.0,635.544,751.24,487.3803680981595,572.5914634146342,0.003112539877300547,0.005941701219512132
196,196,8,B,D,500.0,500.0,822.184,828.312,604.5470588235294,647.11875,0.0030175999999999823,0.006176056249999995
197,197,8,B,D,500.0,500.0,641.048,810.768,494.6358024691358,625.5925925925926,0.003192925925925802,0.006106999999999909
198,198,8,B,D,500.0,500.0,680.08,812.264,512.1084337349398,634.58125,0.0031382349397590767,0.006178000000000061
199,199,8,B,D,500.0,500.0,703.28,841.056,536.0365853658536,691.6578947368421,0.003245786585365841,0.006397131578947361
200,200,8,B,D,500.0,500.0,746.312,754.464,555.2916666666666,641.5510204081633,0.0031532083333332024,0.006727931972789042
201,201,8,B,D,500.0,500.0,341.408,750.76,533.45,613.3660130718954,4.0562499999907684e-05,0.006435803921568643
202,202,8,B,D,500.0,500.0,765.68,779.952,569.702380952381,633.077922077922,0.0032581666666666414,0.006436649350649316
203,203,8,B,D,500.0,500.0,673.688,662.848,519.820987654321,545.1052631578947,0.0031838641975308114,0.0064976842105261765
204,204,8,B,D,500.0,500.0,627.512,948.68,484.19135802469134,732.0061728395061,0.003184580246913474,0.006099419753086344
205,205,8,B,D,500.0,500.0,608.52,768.984,469.537037037037,645.1208053691275,0.0031811728395060726,0.006529536912751727
206,206,8,B,D,500.0,500.0,737.248,971.576,529.6321839080459,731.6084337349398,0.003120172413793139,0.005954343373493905
207,207,8,B,D,500.0,500.0,754.208,792.648,557.8461538461538,615.4099378881988,0.003035017751479369,0.006143322981366546
208,208,8,B,D,500.0,500.0,651.224,721.88,487.4431137724551,578.4294871794872,0.003209221556886292,0.006353211538461632
209,209,8,B,D,500.0,500.0,671.312,789.296,508.56969696969696,597.9515151515152,0.0031861212121212343,0.005993054545454394
210,210,8,B,D,500.0,500.0,617.872,732.568,476.75308641975306,586.9935897435897,0.0031844259259258584,0.00626860897435896
211,211,8,B,D,500.0,500.0,677.144,971.72,516.1158536585366,745.1840490797546,0.0031267134146340837,0.006065380368098093
212,212,8,B,D,500.0,500.0,691.72,841.592,520.8734939759037,657.49375,0.003168939759036052,0.00616286249999991
213,213,8,B,D,500.0,500.0,809.384,779.776,598.6568047337278,620.8407643312102,0.0031500000000000477,0.006290745222929998
214,214,8,B,D,500.0,500.0,766.232,754.464,550.4540229885057,554.7529411764706,0.0031111436781608827,0.005828970588235319
215,215,8,B,D,500.0,500.0,326.008,729.872,529.2337662337662,584.8333333333334,5.1467532467517256e-05,0.006338814102564108
216,216,8,B,D,500.0,500.0,662.56,688.088,501.93939393939394,562.1633986928105,0.0031487030303029577,0.0064532483660130705
217,217,8,B,D,500.0,500.0,675.648,914.792,505.7245508982036,719.1761006289308,0.003172832335329377,0.0061232515723269425
218,218,8,B,D,500.0,500.0,557.568,808.984,452.57142857142856,652.4064516129032,0.003439136363636211,0.006369103225806465
219,219,8,B,D,500.0,500.0,739.672,829.808,547.094674556213,660.6751592356688,0.003110337278106631,0.00629684076433127
220,220,8,B,D,500.0,500.0,676.432,815.76,535.1518987341772,649.4904458598726,0.0032544746835444774,0.0063120445859873135
221,221,8,B,D,500.0,500.0,687.016,769.208,530.104938271605,628.437908496732,0.0032616975308643057,0.006467150326797394
222,222,8,B,D,500.0,500.0,685.376,742.856,528.8395061728395,602.9675324675325,0.003200413580247008,0.006411896103896185
223,223,8,B,D,500.0,500.0,500.304,783.68,381.3292682926829,612.25,0.003101237804878184,0.006179424999999838
224,224,8,B,D,500.0,500.0,692.92,841.448,528.140243902439,657.38125,0.0031781219512194594,0.006181450000000055
225,225,8,B,D,500.0,500.0,697.968,807.328,528.7636363636364,630.725,0.0031426848484849843,0.006196975000000116
226,226,8,B,D,500.0,500.0,772.896,809.024,568.3058823529411,624.2469135802469,0.0031891176470587785,0.006097722222222221
227,227,8,B,D,500.0,500.0,759.688,720.256,604.8471337579617,542.3614457831326,0.0032376815286624698,0.005958674698795132
228,228,8,B,D,500.0,500.0,773.944,807.216,589.8963414634146,642.687898089172,0.003105841463414584,0.006193687898089165
229,229,8,B,D,500.0,500.0,749.696,787.144,561.1497005988024,622.7405063291139,0.003130317365269447,0.006231329113924132
230,230,8,B,D,500.0,500.0,826.272,750.136,597.0173410404624,589.7295597484276,0.0030715317919074972,0.0062264591194968015
231,231,8,B,D,500.0,500.0,757.376,592.904,584.395061728395,511.1241379310345,0.0031350370370371,0.006835834482758636
232,232,8,B,D,500.0,500.0,306.224,609.056,478.475,510.9530201342282,4.001249999987522e-05,0.006641228187919447
233,233,8,B,D,500.0,500.0,646.472,813.896,489.75151515151515,656.3677419354839,0.003228848484848461,0.006380722580645177
234,234,8,B,D,500.0,500.0,635.576,678.888,475.7305389221557,642.8863636363636,0.0031733353293414445,0.00727145454545459
235,235,8,B,D,500.0,500.0,675.072,951.376,537.4777070063694,772.2207792207793,0.003334573248407636,0.006133071428571391
236,236,8,B,D,500.0,500.0,894.712,961.04,654.0292397660819,746.1490683229814,0.00303095906432747,0.006127757763974997
237,237,8,B,D,500.0,500.0,929.68,1024.912,683.5882352941177,810.8481012658228,0.003048635294117516,0.006260259493670959
238,238,8,B,D,500.0,500.0,813.56,1045.688,651.8910256410256,816.94375,0.003282980769230794,0.006175750000000058
239,239,8,B,D,500.0,500.0,938.568,1055.352,715.3719512195122,824.49375,0.0032013841463416023,0.006178243749999979
240,240,8,B,D,500.0,500.0,976.32,1052.344,735.1807228915662,822.14375,0.0031430783132529805,0.006086631249999997
241,241,8,B,D,500.0,500.0,998.816,1064.712,730.1286549707602,831.80625,0.003227935672514583,0.006159824999999941
242,242,8,B,D,500.0,500.0,937.64,1063.92,693.5207100591716,841.7088607594936,0.003080514792899314,0.006076177215189888
243,243,8,B,D,500.0,500.0,953.88,1076.84,727.0426829268292,897.3666666666667,0.0031729146341462648,0.006127653333333379
244,244,8,B,D,500.0,500.0,766.752,1071.08,570.5,858.2371794871794,0.003105196428571385,0.006334769230769246
245,245,8,B,D,500.0,500.0,850.544,1114.704,629.1005917159763,876.3396226415094,0.0031641242603550703,0.0061366603773583195
246,246,8,B,D,500.0,500.0,822.456,980.848,615.6107784431138,828.418918918919,0.003089976047904256,0.00667980405405419
247,247,8,B,D,500.0,500.0,395.384,898.064,617.7875,738.5394736842105,0.006342874999999993,0.006500986842105199
248,248,8,B,D,500.0,500.0,732.504,912.52,551.5843373493976,731.1858974358975,0.003154951807228869,0.006348967948718007
249,249,8,B,D,500.0,500.0,709.32,1035.8,550.7142857142857,840.7467532467532,0.0032638260869565067,0.0064162597402596935
250,250,8,B,D,500.0,500.0,759.52,939.368,578.9024390243902,804.2534246575342,0.0031359085365853102,0.006770595890410948
251,251,8,B,D,500.0,500.0,817.84,1042.688,623.3536585365854,824.9113924050633,0.0031840304878049852,0.006153575949367045
252,252,8,B,D,500.0,500.0,855.472,854.424,640.3233532934132,702.6513157894736,0.003054838323353403,0.006500026315789591
253,253,8,B,D,500.0,500.0,804.904,914.048,602.4730538922156,705.283950617284,0.003300682634730634,0.006101074074074032
254,254,8,B,D,500.0,500.0,530.848,874.288,439.44370860927154,678.7950310559006,0.0034115960264900864,0.006061161490683329
255,255,8,B,D,500.0,500.0,556.768,977.128,424.3658536585366,744.7621951219512,0.003117060975609628,0.006020701219512148
256,256,8,B,D,500.0,500.0,673.352,905.368,526.05625,707.31875,0.0032647187500000284,0.0061806562499999275
257,257,8,B,D,500.0,500.0,598.84,944.04,470.7861635220126,723.9570552147239,0.0032471635220126015,0.006032355828220825
258,258,8,B,D,500.0,500.0,809.152,876.488,624.3456790123457,735.3087248322148,0.003180790123456779,0.0065449463087250805
259,259,8,B,D,500.0,500.0,755.496,887.336,582.9444444444445,711.0064102564103,0.0031528580246913407,0.00596992948717948
260,260,8,B,D,500.0,500.0,779.28,1014.784,579.8214285714286,746.1647058823529,0.003305505952381184,0.005743176470588196
261,261,8,B,D,500.0,500.0,695.96,767.152,530.4573170731708,595.6149068322982,0.003103847560975568,0.0060706335403726865
262,262,8,B,D,500.0,500.0,633.688,855.472,507.7628205128205,676.7974683544304,0.0032576730769230487,0.006314006329113932
263,263,8,B,D,500.0,500.0,298.552,998.52,472.39240506329116,770.4629629629629,5.367088607571635e-05,0.006004740740740578
264,264,8,B,D,500.0,500.0,609.984,981.592,491.9225806451613,771.6918238993711,0.0032794451612905887,0.0061301320754717425
265,265,8,B,D,500.0,500.0,616.824,959.856,470.140243902439,740.6296296296297,0.003154201219512227,0.006104185185185183
266,266,8,B,D,500.0,500.0,879.576,779.584,600.8032786885246,597.8404907975461,0.0034600765027322576,0.006075202453987625
267,267,8,B,D,500.0,500.0,662.6,789.224,548.5099337748344,628.3630573248407,0.0033853443708609715,0.006297980891719823
268,268,8,B,D,500.0,500.0,627.48,903.56,469.6706586826347,692.9141104294479,0.0033043053892216957,0.006048981595092211
269,269,8,B,D,500.0,500.0,780.816,905.92,617.7341772151899,682.1686746987951,0.003263594936708853,0.005917722891566367
270,270,8,B,D,500.0,500.0,864.488,648.48,662.9509202453987,519.6153846153846,0.0032530736196316828,0.006170910256410404
271,271,8,B,D,500.0,500.0,775.12,844.0,587.2121212121212,663.5220125786163,0.0031545696969697986,0.006044660377358397
272,272,8,B,D,500.0,500.0,637.632,813.928,486.0,631.9316770186335,0.003199829268292588,0.006144559006211323
273,273,8,B,D,500.0,500.0,695.432,863.784,564.474025974026,679.0754716981132,0.0033438116883117304,0.006213584905660652
274,274,8,B,D,500.0,500.0,726.528,985.424,550.4,760.358024691358,0.0031402303030300905,0.006013203703703929
275,275,8,B,D,500.0,500.0,721.024,1018.464,581.4709677419355,816.0769230769231,0.0033088580645162144,0.006225634615384697
276,276,8,B,D,500.0,500.0,772.36,883.072,567.9117647058823,721.4640522875817,0.0030854470588234134,0.006468856209150301
277,277,8,B,D,500.0,500.0,332.584,910.328,561.7972972972973,720.1962025316456,5.081081081080762e-05,0.006231158227847895
278,278,8,B,D,500.0,500.0,725.96,926.056,563.6335403726708,705.8353658536586,0.0032371490683230607,0.00603062804878068
279,279,8,B,D,500.0,500.0,722.624,833.184,540.8862275449102,631.2,0.0031894850299401486,0.005986472727272485
280,280,8,B,D,500.0,500.0,615.264,628.52,455.0769230769231,506.8709677419355,0.003277485207100659,0.006378735483870866
281,281,8,B,D,500.0,500.0,559.04,647.088,428.71165644171776,493.2073170731707,0.003233797546012244,0.006029554878048909
282,282,8,B,D,500.0,500.0,710.184,737.096,544.6196319018405,558.4060606060606,0.003213748466257696,0.005904521212121174
283,283,8,B,D,500.0,500.0,585.176,834.304,454.32919254658384,647.7515527950311,0.003235850931676845,0.006146049689440904
284,284,8,B,D,500.0,500.0,553.336,867.72,432.29375,665.4294478527607,0.0032305812499998864,0.006066644171779023
285,285,8,B,D,500.0,500.0,723.624,702.576,548.2,609.875,0.0032005333333331417,0.0068660972222218675
286,286,8,B,D,500.0,500.0,709.48,885.736,537.4848484848485,696.3333333333334,0.003142230303030553,0.0061139937106918585
287,287,8,B,D,500.0,500.0,707.704,810.64,542.717791411043,641.3291139240506,0.003315226993865168,0.0062433797468353204
288,288,8,B,D,500.0,500.0,673.432,752.08,513.2865853658536,583.9130434782609,0.003087310975609872,0.006141304347826327
289,289,8,B,D,500.0,500.0,661.408,805.872,513.5155279503106,621.8148148148148,0.0032181925465837743,0.006111777777777555
290,290,8,B,D,500.0,500.0,669.024,853.376,506.8363636363636,658.4691358024692,0.0031868121212121217,0.006113018518518671
291,291,8,B,D,500.0,500.0,359.064,767.888,534.3214285714286,611.375796178344,4.205952380957678e-05,0.006295292993630558
292,292,8,B,D,500.0,500.0,431.496,834.216,339.22641509433964,647.6832298136646,0.0032460125786164208,0.006037385093167986
293,293,8,B,D,500.0,500.0,578.472,927.424,454.77358490566036,720.0496894409938,0.0032175849056603604,0.006133807453415898
294,294,8,B,D,500.0,500.0,728.552,904.152,551.9333333333333,706.36875,0.003219957575757607,0.006184800000000124
295,295,8,B,D,500.0,500.0,699.824,782.088,533.4024390243902,626.6730769230769,0.0031191707317070614,0.0063405705128204565
296,296,8,B,D,500.0,500.0,616.0,887.184,484.27672955974845,693.1125,0.0031941635220127064,0.006173987500000066
297,297,8,B,D,500.0,500.0,628.872,968.576,503.90384615384613,752.0,0.0032812371794870517,0.006127024844720424
298,298,8,B,D,500.0,500.0,696.152,775.064,517.9702380952381,598.0432098765432,0.003360595238095446,0.006006956790123664
299,299,8,B,D,500.0,500.0,629.856,518.008,498.30379746835445,437.5067567567568,0.0032679050632910423,0.006666283783783681
300,300,8,B,D,500.0,500.0,627.848,807.208,472.77710843373495,642.6815286624204,0.0031421204819277004,0.006262433121019145
301,301,8,B,D,500.0,500.0,585.256,940.856,471.98064516129034,739.6666666666666,0.0033859161290321583,0.006215320754716806
302,302,8,B,D,500.0,500.0,733.048,982.016,532.7383720930233,757.7283950617284,0.0030516453488371423,0.006107018518518381
303,303,8,B,D,500.0,500.0,657.544,907.192,544.3245033112582,741.1699346405229,0.0034070927152318846,0.006470581699346109
304,304,8,B,D,500.0,500.0,731.968,919.936,551.1807228915662,727.7974683544304,0.0031977168674695556,0.006247594936708889
305,305,8,B,D,500.0,500.0,710.176,862.424,558.3144654088051,678.0062893081761,0.0033029748427672655,0.006186125786163411
306,306,8,B,D,500.0,500.0,560.28,814.432,514.9632352941177,652.5897435897435,0.003908647058823329,0.006353403846153819
307,307,8,B,D,500.0,500.0,288.768,793.168,538.7462686567164,627.506329113924,3.12985074634159e-05,0.006249531645569436
308,308,8,B,D,500.0,500.0,690.736,885.568,529.7055214723927,700.6075949367089,0.0031926073619632377,0.006257132911392457
309,309,8,B,D,500.0,500.0,650.568,946.296,498.90184049079755,748.6518987341772,0.0031788711656440265,0.006242518987341664
310,310,8,B,D,500.0,500.0,621.392,853.952,476.5276073619632,684.2564102564103,0.00315942331288322,0.006234102564102401
311,311,8,B,D,500.0,500.0,654.64,856.584,498.9634146341463,681.9936305732484,0.0031531036585366154,0.006294414012738523
312,312,8,B,D,500.0,500.0,755.944,1013.272,524.9611111111111,781.8456790123457,0.0033132388888889057,0.00611635185185201
313,313,8,B,D,500.0,500.0,634.928,711.144,445.87640449438203,552.1304347826087,0.003201595505617988,0.006139658385092973
314,314,8,B,D,500.0,500.0,557.68,726.72,425.0609756097561,567.75,0.003099073170731935,0.00617261874999997
315,315,8,B,D,500.0,500.0,495.6,985.632,402.27272727272725,712.1618497109827,0.0034442077922079394,0.00570332947976872
316,316,8,B,D,500.0,500.0,502.072,869.712,394.71069182389937,724.76,0.0032797924528300574,0.006481260000000096
317,317,8,B,D,500.0,500.0,622.968,1021.232,515.7019867549669,787.9876543209876,0.0034580397350991734,0.005939067901234596
318,318,8,B,D,500.0,500.0,629.208,974.2,482.52147239263803,770.7278481012659,0.003261300613496866,0.0062749240506330154
319,319,8,B,D,500.0,500.0,592.248,930.648,611.8264462809917,740.9617834394904,0.004195892561983407,0.0063003439490444905
320,320,8,B,D,500.0,500.0,603.08,828.232,588.9453125,739.4928571428571,0.004236320312499764,0.007069407142857439
321,321,8,B,D,500.0,500.0,660.512,621.768,497.3734939759036,532.3356164383562,0.0033000240963857947,0.006753650684931646
322,322,8,B,D,500.0,500.0,517.256,631.544,422.5947712418301,490.32919254658384,0.003387313725490199,0.0061238695652175166
323,323,8,B,D,500.0,500.0,652.448,963.96,529.5844155844156,717.2321428571429,0.003313499999999796,0.005886583333333324
324,324,8,B,D,500.0,500.0,649.728,773.608,498.25766871165644,636.1907894736842,0.0032034233128833763,0.006503092105263201
325,325,8,B,D,500.0,500.0,715.752,854.552,577.2193548387097,663.472049689441,0.00334990967741958,0.006053614906832561
326,326,8,B,D,500.0,500.0,776.184,813.744,577.5178571428571,647.8853503184713,0.003248160714285575,0.0063017834394903365
327,327,8,B,D,500.0,500.0,694.808,569.816,553.1910828025477,456.5833333333333,0.0033951273885349294,0.006236942307692626
328,328,8,B,D,500.0,500.0,677.336,687.192,519.4294478527607,520.6,0.0032645705521472867,0.005978636363636269
329,329,8,B,D,500.0,500.0,655.608,677.352,535.6274509803922,553.3921568627451,0.0033853202614377432,0.006471176470588296
330,330,8,B,D,500.0,500.0,680.624,719.504,515.6242424242424,584.012987012987,0.0031273030303030722,0.00641772077922055
331,331,8,B,D,500.0,500.0,785.472,815.144,584.4285714285714,628.9691358024692,0.0032744523809525175,0.006101925925926014
332,332,8,B,D,500.0,500.0,576.416,622.536,480.3466666666667,495.6496815286624,0.003451906666666673,0.006283968152866216
333,333,8,B,D,500.0,500.0,707.096,681.952,548.9875776397515,549.9612903225807,0.003184180124223604,0.0062728774193550225
334,334,8,B,D,500.0,500.0,330.44,790.76,491.7261904761905,637.7096774193549,0.006321440476190517,0.006362909677419236
335,335,8,B,D,500.0,500.0,757.208,669.744,543.971264367816,533.2356687898089,0.003198396551723995,0.006298133757961837
336,336,8,B,D,500.0,500.0,637.176,682.88,523.9934210526316,533.5,0.003409888157894757,0.0061767875000001025
337,337,8,B,D,500.0,500.0,661.936,851.432,495.4610778443114,682.2371794871794,0.0032815508982036567,0.006334987179487009
338,338,8,B,D,500.0,500.0,642.776,614.352,489.9207317073171,479.9625,0.0031711158536588424,0.006160712500000188
339,339,8,B,D,500.0,500.0,554.96,652.64,420.42424242424244,578.581560283688,0.0032051939393940385,0.006980943262411248
340,340,8,B,D,500.0,500.0,537.656,608.624,420.04375,514.0405405405405,0.0032284812500002146,0.006587398648648759
341,341,8,B,D,500.0,500.0,684.256,764.568,483.2316384180791,582.75,0.003190028248587626,0.006014475609756171
342,342,8,B,D,500.0,500.0,497.016,554.584,385.88198757763973,484.7762237762238,0.0032433167701863778,0.006926041958042088
343,343,8,B,D,500.0,500.0,449.912,678.736,353.70440251572325,589.1805555555555,0.0031983459119496213,0.00686056944444423
344,344,8,B,D,500.0,500.0,679.072,849.232,456.36559139784947,651.2515337423313,0.003144456989247452,0.006086503067484972
345,345,8,B,D,500.0,500.0,289.04,669.296,463.20512820512823,565.2837837837837,4.876923076926104e-05,0.0066714391891895125
346,346,8,B,D,500.0,500.0,610.024,711.52,451.20118343195264,573.8064516129032,0.0032843905325441653,0.006378412903225786
347,347,8,B,D,500.0,500.0,612.176,709.888,447.4970760233918,561.620253164557,0.0031022573099414984,0.00627181012658233
348,348,8,B,D,500.0,500.0,709.408,816.512,527.8333333333334,614.843373493976,0.0031027619047620868,0.0059562349397591545
349,349,8,B,D,500.0,500.0,598.992,569.448,462.18518518518516,490.90344827586205,0.0031933641975310373,0.00681799999999996
350,350,8,B,D,500.0,500.0,685.168,754.088,525.4355828220858,612.0844155844156,0.003163073619631886,0.006320610389610619
351,351,8,B,D,500.0,500.0,601.552,774.488,461.3128834355828,605.06875,0.003244883435582706,0.006165156249999981
352,352,8,B,D,500.0,500.0,777.368,823.624,555.2628571428571,659.9551282051282,0.0031154914285713986,0.00633101923076924
353,353,8,B,D,500.0,500.0,667.736,845.856,505.8606060606061,656.72049689441,0.0031705151515153017,0.006150900621118033
354,354,8,B,D,500.0,500.0,767.184,1046.704,554.3236994219653,774.189349112426,0.0031066011560693563,0.005848934911242643
355,355,8,B,D,500.0,500.0,611.872,934.784,496.64935064935065,734.8930817610063,0.0033298376623375507,0.006216641509434027
356,356,8,B,D,500.0,500.0,733.616,723.048,549.1137724550898,659.7153284671533,0.0031104790419162046,0.007099824817518092
357,357,8,B,D,500.0,500.0,747.52,815.472,569.7560975609756,688.7432432432432,0.0032562987804879403,0.006663060810810779
358,358,8,B,D,500.0,500.0,822.624,945.864,615.7365269461078,753.0764331210191,0.0030610419161675993,0.006297573248407664
359,359,8,B,D,500.0,500.0,873.112,953.0,649.6369047619048,739.9068322981367,0.0031953511904764093,0.006140360248447357
360,360,8,B,D,500.0,500.0,495.48,703.312,673.2065217391304,586.0933333333334,0.005505195652174082,0.0065792266666665
361,361,8,B,D,500.0,500.0,828.376,685.176,651.2389937106918,567.1986754966888,0.0032464150943397473,0.006440980132450531
362,362,8,B,D,500.0,500.0,777.992,765.016,592.9817073170732,650.5238095238095,0.0031451280487805513,0.006614299319727982
363,363,8,B,D,500.0,500.0,717.448,804.176,550.1901840490798,657.0065359477125,0.0032895705521472883,0.006448915032679903
364,364,8,B,D,500.0,500.0,803.464,760.88,619.9567901234568,651.4383561643835,0.00313798765432097,0.006768910958903876
365,365,8,B,D,500.0,500.0,753.632,704.088,596.2278481012659,602.8150684931506,0.0032607405063291173,0.006768828767123262
366,366,8,B,D,500.0,500.0,930.12,811.264,713.282208588957,667.1578947368421,0.003222656441717996,0.0065069999999999
367,367,8,B,D,500.0,500.0,933.632,814.792,694.6666666666666,652.8782051282051,0.0032407440476190244,0.006319891025641074
368,368,8,B,D,500.0,500.0,927.808,558.568,711.5092024539878,481.5241379310345,0.003186564417177874,0.006709993103448079
369,369,8,B,D,500.0,500.0,1177.816,724.32,795.8216216216216,580.3846153846154,0.002863108108108094,0.006319416666666819
370,370,8,B,D,500.0,500.0,813.04,856.72,590.8720930232558,677.7848101265823,0.003146470930232681,0.006257170886075905
371,371,8,B,D,500.0,500.0,783.968,730.04,601.2024539877301,588.741935483871,0.0032657239263802935,0.006376387096774154
372,372,8,B,D,500.0,500.0,690.36,522.416,539.34375,405.6024844720497,0.0032479187500001673,0.006143186335403805
373,373,8,B,D,500.0,500.0,690.24,586.944,529.3251533742331,482.6842105263158,0.003170601226994024,0.006487710526315775
374,374,8,B,D,500.0,500.0,541.064,643.648,430.78343949044586,522.4415584415584,0.003291331210190909,0.006315688311688418
375,375,8,B,D,500.0,500.0,444.168,666.144,590.6489361702128,533.7692307692307,0.00026993617021275895,0.006335339743589776
376,376,8,B,D,500.0,500.0,690.824,686.136,539.70625,542.8291139240506,0.0032275625000000472,0.006267031645569504
377,377,8,B,D,500.0,500.0,643.664,558.688,465.0751445086705,453.4805194805195,0.0030744335260116103,0.006419422077921982
378,378,8,B,D,500.0,500.0,795.496,567.12,599.0180722891566,445.8490566037736,0.003259030120481924,0.006217547169811244
379,379,8,B,D,500.0,500.0,775.992,655.344,584.3313253012049,521.7707006369427,0.003060554216867594,0.006257324840764231
380,380,8,B,D,500.0,500.0,840.56,682.024,629.1616766467066,536.1823899371069,0.003098856287424918,0.006148855345911914
381,381,8,B,D,500.0,500.0,833.688,830.792,595.4914285714286,641.0432098765432,0.0030732742857143033,0.006074469135802404
382,382,8,B,D,500.0,500.0,836.568,868.328,587.4775280898876,678.38125,0.003124870786516733,0.0061928437500000655
383,383,8,B,D,500.0,500.0,667.104,651.736,517.9378881987577,532.4640522875817,0.003203869565217464,0.0064750392156862424
384,384,8,B,D,500.0,500.0,681.248,852.816,509.91616766467064,646.0727272727273,0.003095293413173567,0.006002624242424218
385,385,8,B,D,500.0,500.0,656.736,871.136,503.6319018404908,684.8553459119497,0.0031561104294479804,0.006115603773585165
386,386,8,B,D,500.0,500.0,693.192,866.848,534.8703703703703,703.6103896103896,0.0031952283950617564,0.006412461038961171
387,387,8,B,D,500.0,500.0,754.184,850.488,538.7028571428572,699.4144736842105,0.0031852971428569226,0.006500717105262841
388,388,8,B,D,500.0,500.0,402.744,752.728,599.3214285714286,631.48322147651,4.0178571427959686e-05,0.006648013422818622
389,389,8,B,D,500.0,500.0,644.072,655.976,490.9085365853659,518.9683544303797,0.0031351036585366555,0.00625144303797471
390,390,8,B,D,500.0,500.0,626.352,760.68,486.29813664596276,601.8037974683544,0.003212403726708137,0.0062587088607595235
391,391,8,B,D,500.0,500.0,685.456,703.776,501.0643274853801,602.5479452054794,0.003072789473684126,0.006772376712328738
392,392,8,B,D,500.0,500.0,761.336,831.76,576.769696969697,679.5424836601308,0.003103721212121193,0.0063709869281045805
393,393,8,B,D,500.0,500.0,778.16,913.28,589.5151515151515,713.5,0.0032120121212118866,0.006181474999999992
394,394,8,B,D,500.0,500.0,987.624,871.088,743.6927710843373,697.9871794871794,0.0030577228915663465,0.0063336153846153985
395,395,8,B,D,500.0,500.0,755.976,817.176,590.60625,638.41875,0.0032040500000000806,0.006187693749999923
396,396,8,B,D,500.0,500.0,745.992,833.16,561.7409638554217,667.5961538461538,0.0031099457831322546,0.006319506410256337
397,397,8,B,D,500.0,500.0,763.184,873.48,574.6867469879518,691.0443037974684,0.0031086746987950328,0.0061555189873415
398,398,8,B,D,500.0,500.0,782.616,858.184,572.0877192982456,696.577922077922,0.0031023216374270485,0.006406597402597574
399,399,8,B,D,500.0,500.0,680.232,712.552,534.7735849056604,605.9115646258504,0.003203018867924464,0.006723870748299252
400,400,8,B,D,500.0,500.0,705.472,846.032,537.7073170731708,682.2838709677419,0.0031321951219513543,0.006374825806451847
401,401,8,B,D,500.0,500.0,683.96,841.128,521.310975609756,649.0185185185185,0.003176445121951241,0.0061004691358027266
402,402,8,B,D,500.0,500.0,785.144,734.352,587.6826347305389,599.9607843137255,0.003213730538921898,0.006449235294117746
403,403,8,B,D,500.0,500.0,689.824,680.624,542.3144654088051,535.0817610062893,0.003198050314465376,0.006112069182390183
404,404,8,B,D,500.0,500.0,722.928,762.008,537.8928571428571,610.5833333333334,0.003106404761904882,0.00633762820512829
405,405,8,B,D,500.0,500.0,608.24,808.96,460.7878787878788,640.0,0.003126139393939618,0.006273069620253274
406,406,8,B,D,500.0,500.0,669.56,884.112,513.4662576687117,727.0657894736842,0.0031229693251534794,0.006500967105263331
407,407,8,B,D,500.0,500.0,400.432,928.216,568.7954545454545,758.3464052287582,0.00011763636363649643,0.006456176470588272
408,408,8,B,D,500.0,500.0,671.832,1014.296,521.6086956521739,797.4025157232704,0.0032229316770185958,0.0062061509433963226
409,409,8,B,D,500.0,500.0,693.304,848.168,531.6748466257669,746.6267605633802,0.0031436625766872862,0.0068512816901410345
410,410,8,B,D,500.0,500.0,706.792,886.368,535.4484848484849,692.475,0.003228103030302822,0.006175681250000053
411,411,8,B,D,500.0,500.0,660.408,804.648,515.94375,644.75,0.003183612500000166,0.006360128205127962
412,412,8,B,D,500.0,500.0,590.184,906.856,452.5950920245399,726.6474358974359,0.0031639079754604412,0.006339846153846105
413,413,8,B,D,500.0,500.0,581.528,645.208,445.95705521472394,615.6564885496183,0.003201576687116634,0.00754785496183199
414,414,8,B,D,500.0,500.0,617.36,874.048,476.358024691358,733.261744966443,0.0031640740740741607,0.006612046979865993
415,415,8,B,D,500.0,500.0,717.056,1029.536,536.7185628742515,761.491124260355,0.003059994011975905,0.005765147928994099
416,416,8,B,D,500.0,500.0,696.904,708.312,537.7345679012345,598.2364864864865,0.003376845679012441,0.0066676891891889935
417,417,8,B,D,500.0,500.0,888.024,826.616,681.0,618.7245508982036,0.003264423312883157,0.005926251497006055
418,418,8,B,D,500.0,500.0,658.32,740.696,511.11801242236027,597.3354838709678,0.0031551242236024075,0.006384070967741932
419,419,8,B,D,500.0,500.0,623.4,775.256,472.27272727272725,617.2420382165606,0.0031843636363636176,0.0062025541401276255
420,420,8,B,D,500.0,500.0,710.28,836.592,548.0555555555555,641.5582822085889,0.0031711666666667413,0.005964570552147467
421,421,8,B,D,500.0,500.0,748.352,815.648,577.4320987654321,645.2911392405064,0.003272296296296488,0.006153278481013005
422,422,8,B,D,500.0,500.0,822.424,845.752,623.0484848484848,660.74375,0.003206987878787927,0.006170393749999903
423,423,8,B,D,500.0,500.0,440.456,944.312,679.716049382716,719.75,4.7641975308360326e-05,0.006022560975609866
424,424,8,B,D,500.0,500.0,760.216,966.64,586.5864197530864,732.3030303030303,0.00330666666666675,0.005999696969696757
425,425,8,B,D,500.0,500.0,732.456,810.992,544.9821428571429,637.5723270440252,0.003331059523809526,0.00614415094339627
426,426,8,B,D,500.0,500.0,736.568,726.728,561.4085365853658,557.3067484662577,0.003102347560975542,0.005887969325153455
427,427,8,B,D,500.0,500.0,722.664,695.232,528.2631578947369,536.4444444444445,0.003234005847953311,0.006005191358024795
428,428,8,B,D,500.0,500.0,634.32,627.928,480.54545454545456,499.94267515923565,0.0033070969696967893,0.006294019108280197
429,429,8,B,D,500.0,500.0,556.424,742.528,416.4850299401198,562.5212121212121,0.003171005988024004,0.006010806060606049
430,430,8,B,D,500.0,500.0,577.08,758.608,450.84375,603.9872611464968,0.003302287500000034,0.006289751592356905
431,431,8,B,D,500.0,500.0,573.12,930.104,436.8292682926829,735.8417721518987,0.0032394756097560745,0.00599379113924058
432,432,8,B,D,500.0,500.0,630.632,1023.024,480.6646341463415,799.2375,0.003240213414633994,0.005908737500000072
433,433,8,B,D,500.0,500.0,390.392,1079.392,554.5340909090909,817.7212121212121,4.0386363636457645e-05,0.005957915151515353
434,434,8,B,D,500.0,500.0,709.976,967.44,537.8606060606061,770.2547770700637,0.003145199999999987,0.0062957324840763945
435,435,8,B,D,500.0,500.0,798.224,644.168,576.7514450867052,759.6320754716982,0.0029743121387284816,0.008878084905660444
436,436,8,B,D,500.0,500.0,306.408,171.08,503.9605263157895,929.7826086956521,3.698684210537282e-05,7.926086956529062e-05
