throuput_mean,throuput_median,throuput_var,throuput_skew,throuput_kurt,avg_packet_size,std_packet_size,var_packet_size,skew_packet_size,kurt_packet_size,inter_arrival_times_avg,inter_arrival_times_std,inter_arrival_times_var,inter_arrival_times_skew,inter_arrival_times_kurt,Latency_binary,Jerkiness_binary,Sync_binary,Network_order_binary,Latency,Jerkiness,Sync,Network_order,Latency_prediction,Jerkiness_prediction,Sync_prediction,Network_order_prediction,Config_encoded,QoE,Config
0.0205153705103735,0.0124975677062143,0.7387385818500788,-0.1630677450287191,-0.3805102934884197,0.0420960623653844,0.0231942510698749,0.0219926409944735,0.1658011716852673,0.1598252933024123,-0.62798922213304,2.153016881778803,2.575996942383632,0.4795354769255595,0.1544233579757893,0,0,0,1.0,1,0,3,4.0,1,1,0,1.0,2,4,C
-0.3369437964891061,-0.5082786435760911,-0.1798709802603581,0.6549563695653866,-0.5306052155278477,-0.2148989849673563,0.0908446308580068,0.0873592333514067,0.2787329605181936,0.2573848251875649,-0.0875562316064283,-0.3763018973729189,-0.3479157755083901,-0.395270068176369,-0.3727133188354393,0,0,0,0.0,2,1,3,2.0,1,0,1,0.0,1,6,B
-0.1744107543817056,-0.2635810440289402,0.038498157308667,-0.4888897323371446,0.2233245837334679,0.0656165831255613,0.2862933009608029,0.2843478735560956,0.0669840695531612,-0.0366371800514039,0.080497472990572,-0.3343567663477029,-0.3106449836468266,-0.4236987681637596,-0.4132692843329501,0,0,1,0.0,1,0,1,2.0,0,0,1,0.0,1,2,B
0.944460304926642,1.0495391908864162,0.7162152159522103,0.5718417127931117,-0.6356000199054399,1.5634360279638002,1.3255020861827067,1.5348018187877666,-0.8474064602389996,-0.8194859147612786,-0.0437768974372988,-0.0137768125738556,-0.0132942391991596,-0.2444896992881229,-0.2793557841432146,0,0,1,1.0,1,1,1,4.0,1,0,1,0.0,3,3,D
-0.0275036352119377,-0.0124975677062143,0.2081091646613824,-0.7753065191289973,0.1332487980052794,-0.0390040417937217,-0.3392059162221126,-0.3035086250596237,0.1779187285216267,0.3742982013302937,-0.6818084805869863,2.085447316791709,2.4800008503071376,0.4529253148917359,0.1339272008225137,0,0,0,1.0,2,1,3,3.0,0,1,0,1.0,2,6,C
0.0180151011361313,0.0284887937591764,-0.0572083188040921,-1.1172451201129363,0.9944098289465418,-0.0603343327952627,-0.3333805453676114,-0.2986051152848856,0.295063352638793,0.4817956327475691,-0.8665316807487143,0.2441589839845272,0.2419959637416813,0.0903775185566376,0.0357398330841676,0,0,0,1.0,1,2,2,4.0,0,1,0,1.0,2,5,C
-0.2773770744841283,-0.3979674868656138,-0.10347970698638,-0.5194379513082711,0.3235061944457568,-0.0685787180556154,0.1763570119740522,0.1720575990128611,0.1252170983796718,0.0730026645064346,0.1073573318340996,-0.1322782917113121,-0.1257838922650641,-0.3665001963306651,-0.3827084792173845,0,0,1,1.0,1,0,0,4.0,0,0,1,0.0,1,1,B
0.7795737912912024,0.9890767897259908,1.2421662538521616,-0.2726205456312368,-0.1467993022421838,1.387951339805888,1.2753266403863652,1.4665733192891337,-0.7711744782326593,-0.7877612020478085,0.0525866942887858,0.0137768125738566,0.0132942391991596,-0.3484084772839974,-0.3727434318533624,0,0,1,0.0,2,1,0,2.0,0,0,1,0.0,3,3,D
0.5542560511097384,0.2867541702782543,1.4718024232677116,0.7434226896059231,-0.7161481572591463,0.5876598730417811,0.3729328104050682,0.3755378797313839,-0.3283443914951102,-0.357445602672841,-0.8545624127500735,-0.0403314122024818,-0.0387641958980108,-0.3907234720345973,-0.4079559836339005,0,0,1,1.0,1,0,0,3.0,1,0,1,1.0,2,1,C
-0.2255840554443303,-0.3190196529337886,-0.0047555901572909,-0.4061168033199639,0.0976125623805051,0.041626520062416,0.3019252672298211,0.3006251992367594,0.0791980328481456,-0.0289781730879945,0.2023673871965773,0.0189821828282067,0.0183356109926773,-0.2478858288212412,-0.3049283343450777,1,0,0,1.0,3,1,3,3.0,0,0,1,0.0,1,7,B
-0.2823448200583566,-0.4405282057632096,0.0627390866159321,1.0493424032113776,-0.3432965224613736,-0.0826982038059622,0.2512154998344212,0.2481034089247558,0.1070596202777494,0.0289781730879945,0.0733566505669157,-0.365069710736931,-0.3379723889648021,-0.3858416076148273,-0.356792340975435,1,1,0,0.0,3,3,2,2.0,0,0,1,0.0,1,8,B
0.0031675146388382,0.0283118996656698,0.6400556186595364,-0.3183940826734509,-0.2942010073963295,0.0285487691140005,-0.227408996015972,-0.2075285509278192,0.1380117497513605,0.2615735532765987,-0.6140439134425149,2.5400401897697185,3.144758227536368,0.6507811774121495,0.5052074659167017,1,0,0,1.0,3,2,2,4.0,0,1,0,1.0,2,7,C
-1.6065613183893308,-1.996559409881304,-0.4323237666962595,2.8165332341860703,4.690980880228656,-1.2056588096554406,-2.009455291767152,-1.2664015370760442,-0.7802311601071577,-0.4303318970099494,7.8866493854035875,-2.1940416097313844,-1.599617904289386,1.1455083820769203,2.2143205785271824,1,1,0,0.0,3,3,3,1.0,1,1,0,0.0,0,9,A
-1.600108175191584,-1.9920132316781944,-0.4363836400026187,1.4016627928677738,1.5843468256165816,-1.2007442403389363,-2.081221827881691,-1.2879893802325488,-0.6988348016244491,-0.3561567835968932,7.71984045088201,-2.565794217037821,-1.7680906242073486,0.6869919627768094,1.3694921820444377,1,0,0,1.0,3,2,4,4.0,1,1,0,0.0,0,9,A
0.3970857416658545,0.3970830163980822,0.1840882152001673,0.3421645110217606,-0.5288346386884271,0.361745554473088,-0.0710320978672614,-0.0666388156702075,-0.13387459073089,-0.0829952456733887,-0.9149608108334484,-0.3157521089566971,-0.2939924932485255,-0.4025602458170518,-0.4087879956627154,1,1,0,0.0,3,3,3,2.0,0,0,1,1.0,2,9,C
-0.3850544252967944,-0.503184093683112,-0.1250603659258044,-0.4111680820953864,0.1613124563434267,-0.1754007009912993,0.144408154723235,0.1401420437270544,0.2092087789898353,0.1703879864129607,0.2307939404049947,0.1425733847156648,0.1397445426795497,-0.2641818151125915,-0.3018736614479991,0,0,1,0.0,2,1,1,2.0,0,0,0,0.0,1,4,B
-1.6102185363244246,-2.0023969149670093,-0.4457217541796709,1.643815877181574,0.9145693084789376,-1.2296544563436405,-2.1236987705586063,-1.2999987358845295,-0.8593594571605473,-0.7181384599241218,7.787574830449611,-2.6477258699891406,-1.8012241127747262,1.241743896323693,3.020373105680933,1,1,0,0.0,4,3,4,1.0,1,1,0,0.0,0,11,A
-1.623681494698881,-2.013116697033486,-0.4465410159748039,2.4540570410788045,2.814930031686996,-1.250542048305224,-2.056510954995753,-1.280740209755221,-0.8778673154546368,-0.755725563966337,7.999093489630374,-2.1158521050200263,-1.560400886187003,0.7218497396343039,1.1788608639950042,1,1,0,0.0,4,3,4,1.0,1,1,0,0.0,0,11,A
0.0504612929318941,0.0679361766110628,0.0047555901572908,-0.7854763247911803,0.4753781893519831,0.091952106280081,-0.0512356098783836,-0.0482509736860091,0.1183935973626,0.1466649450530432,-0.6039200462189207,0.7905195671293003,0.8300016563235418,0.2499295949300105,0.1047940014699095,0,1,0,1.0,1,3,2,3.0,0,0,0,1.0,1,6,B
1.0033870005943746,1.141913286515363,0.5274324692779215,0.3498192724009516,-0.6149338212072536,1.6362524245824055,1.3342062746442307,1.5467188695456326,-0.8686949100009524,-0.83041097505611,-0.0625254925370495,0.604373577049436,0.6224574873997676,-0.172830820666283,-0.264662266708285,1,0,0,1.0,3,2,3,4.0,0,0,1,0.0,3,8,D
-0.1530977262014568,-0.2686932833312697,-0.1827832713798217,0.0137335782095677,0.0728846821609147,-0.2162487616243842,-0.391818003794298,-0.347308314217033,0.3694746904033568,0.6164461608505728,-0.73496186848362,0.2300449362800949,0.2276566641857564,-0.1209537690197232,-0.1762985958803864,1,1,0,1.0,3,3,3,3.0,0,1,0,1.0,1,9,B
0.0469470980169053,0.0640798853726269,0.3614116843467653,-0.6759981820298133,0.2155771901856447,0.0388147239375153,-0.2273185501753451,-0.2074492996747739,0.1605252718229401,0.2805493813487598,-0.714633185645475,2.0092889511539807,2.372979592496689,0.6262124030785171,0.5389166354075031,1,1,0,1.0,4,4,4,3.0,0,1,0,1.0,1,12,B
0.9516905991958904,1.2751322283348956,2.3655159513748245,-0.3971436979819673,-0.2804071467524549,1.7117486504517685,1.3249759566408543,1.5340822545474226,-0.9077676629330697,-0.8366790677263211,0.1929795858986076,2.867368732555952,3.650934970650495,0.3556383703870086,0.0131617665567829,1,1,0,1.0,3,3,4,4.0,0,0,0,0.0,3,10,D
-0.2433038562533696,-0.3715041304770834,-0.2112188285634703,0.679360585870901,-0.6130803986120195,-0.0781270236181613,0.1368657014511958,0.1326545916352238,0.1918017728942172,0.1485958665428266,-0.0624757366791425,-0.1861930795086416,-0.1759639694817041,-0.4119008526432736,-0.4070105583078767,1,1,0,0.0,3,3,3,1.0,0,0,1,0.0,1,9,B
1.0160010900823655,1.1190762590437102,0.7496392430883757,0.4104117469801791,-0.600593490921362,1.6893463333239958,1.3520445179976923,1.5712164394350856,-0.8997382510414481,-0.8393897041916482,-0.0035634628365193,0.2779175045274813,0.2764670173500195,-0.1862311766031286,-0.244698364799419,0,1,0,0.0,2,3,2,2.0,0,0,1,0.0,3,7,D
-1.664622067010561,-2.057587872140949,-0.430866064009592,0.7425133508544406,0.1396373025245644,-1.5428685376137,-2.138359716026162,-1.304011200130079,-0.0220558428942335,0.2073203814119948,6.858058872053809,135.57750679699157,2107.21817645245,16.021561831919506,107.91120816102824,1,1,0,0.0,4,3,4,1.0,1,1,0,0.0,0,11,A
-0.5270339859249444,-0.403097415577294,1.1098423204783547,-0.1230448800267234,-0.6400676581470336,-0.1927785155300918,0.0686496673190622,0.0657538777549341,0.2347364313970591,0.2354865422487499,0.8093347945958147,1.8531092161487064,2.1574102023838595,0.4403946731612026,0.1480061830407857,1,1,0,0.0,3,3,4,2.0,0,0,0,0.0,1,10,B
-0.0031675146388386,0.0307176593373543,0.1969182455524979,-0.7025869097700753,0.490474778048573,-0.0285487691140005,-0.1541934932382183,-0.1425277149042148,0.2508950786954536,0.33448524993421,-0.7254139060708419,1.7884387735246974,2.0696835476077995,0.5977508800952375,0.5981491621145424,1,1,0,1.0,4,4,4,4.0,0,1,0,1.0,1,12,B
-0.2422939846573817,-0.3926606640604273,-0.1110420904219516,0.4348975154425609,-0.5873616484647156,-0.0456344497728914,0.1916308685328212,0.1874296828779185,0.1504941782091552,0.0678215439446287,0.0207148080337903,-0.3906890294501366,-0.3606124723457146,-0.4016290355026256,-0.373280045217625,1,0,0,0.0,4,1,4,1.0,0,0,1,0.0,1,9,B
0.1427559133139332,0.1302382763439525,-0.2690273815393114,0.2482362226135878,-0.4296143013260012,0.069161531648389,-0.3737863355675447,-0.3323955884778138,0.1382234538356768,0.3161277520516798,-0.9249242752081396,-0.3039932162258496,-0.2834290588389093,-0.4090062342080274,-0.4111547064617328,1,1,0,1.0,4,3,2,3.0,0,1,1,1.0,2,9,C
1.114677895158713,1.3046735419504338,0.7019717788142729,0.4502620653246682,-0.5447636171648972,1.759699439435462,1.3388450824611329,1.5530797348599816,-0.9131143879487622,-0.8482071897716386,-0.1055138755332998,-0.0919788936784305,-0.0878678215713424,-0.3716696526732283,-0.3927659905809008,1,0,1,0.0,4,1,1,2.0,0,0,1,0.0,3,6,D
-1.6492689819968056,-2.0322035697228067,-0.4272237382868813,0.8504160138627036,0.5037783461429707,-1.549464613001914,-2.140276140384776,-1.3045306667803038,-0.0563773467642247,0.1617095422647669,6.198821684850973,122.45998601189665,1730.6183946452284,16.412382286108627,113.19794216323702,1,1,0,0.0,3,3,3,1.0,1,1,0,0.0,0,9,A
-0.4211825422127596,-0.3436256213405037,1.039167806802151,-0.1929866088234106,-0.5833115916569969,-0.1138029799194912,0.1133432821902124,0.1094193461576893,0.238276664914385,0.1921420873080765,0.5475595513785839,0.2127891186155778,0.2101836568960852,0.0539494860927582,0.013997871790232,1,0,0,0.0,3,2,3,1.0,0,0,0,0.0,1,8,B
-1.6121419463471987,-2.0039284161196638,-0.4458387995053866,1.759572454016941,1.186067797907511,-1.2326386001412437,-2.1140998611460153,-1.2972473315385686,-0.862003615981574,-0.723508409873534,7.817793828217882,-2.571738757651841,-1.7668184647104437,1.167468272501269,2.7572821115469646,1,1,0,0.0,4,3,4,1.0,1,1,0,0.0,0,11,A
-1.6379743204169595,-2.0286420968850116,-0.4410687095577754,1.8565374097698213,1.8809545017002685,-1.3525965953852068,-2.0850853009463233,-1.28886438074098,-0.5790936654011835,-0.41951512335489194,7.600745151869997,45.95448668606291,734.63850846125,6.063155591614892,38.440353614615645,1,1,0,0.0,4,3,4,1.0,1,1,0,0.0,0,11,A
-1.622715718520037,-2.0121826743208264,-0.4457389984935793,2.4745048954917177,2.9207610223883624,-1.2480101139411397,-2.05385647073086,-1.279931342588236,-0.8723595057613502,-0.7373695934079089,7.992750340158653,-2.1202628984441407,-1.5626131801028926,0.7457489926229696,1.237272781510715,1,1,0,0.0,3,3,3,1.0,1,1,0,0.0,0,10,A
-1.6029188679993394,-1.9948999083808774,-0.43897964720855176,1.4689816476063855,1.3981478535442387,-1.2087813158822753,-2.0930304700962252,-1.2913279958480839,-0.7434608529449295,-0.45678813403277563,7.738670691561548,-2.5885713171484963,-1.7773017747081628,0.8412136813901959,1.8284391056566618,1,0,0,0.7219987722668247,3,2,4,3.165996316800474,1,1,0,0.0,0,9,A
-1.6228542323781368,-2.0124579954655597,-0.44649067455688607,2.4042699165133943,2.698158013352991,-1.2492585623640005,-2.0606394642492396,-1.2819235940142164,-0.8767300577005446,-0.7534159382469998,7.986096241031095,-2.148534307022972,-1.5751988210669046,0.753795827161408,1.2920168025609378,1,1,0,0.0,4,3,4,1.0,1,1,0,0.0,0,11,A
-1.6236681620903788,-2.0131038027838324,-0.4465299440667126,2.4543393251561776,2.8163910360038464,-1.2505070947721295,-2.056474309652604,-1.2807290432867329,-0.8777912797520042,-0.755472158493629,7.999005922002978,-2.1159129963354215,-1.5604314270610875,0.7221796705132887,1.1796672446504284,1,1,0,0.0,3,3,3,1.0,1,1,0,0.0,0,10,A
-1.6066946578674417,-1.9966883653305871,-0.4324344968993074,2.813710109847709,4.676369369428128,-1.2060083800984827,-2.0098217820102207,-1.2665132129780485,-0.780991593514115,-0.4328662062920525,7.88752514964241,-2.193432635409891,-1.5993124648691204,1.1422087418594926,2.2062559619342155,1,1,0,0.0,3,3,3,1.0,1,1,0,0.0,0,9,A
-1.614664264107886,-2.005044231324156,-0.4426556318517799,2.0514967819766468,2.3442092014234563,-1.231493465978111,-2.0659633207878634,-1.2835131515026597,-0.8093840685367585,-0.6028831172995229,7.892274038816477,-2.28796328246399,-1.6398460512403605,0.7085159954530412,1.251780867992952,1,0,0,0.38251849037228347,3,2,4,2.1475554711168505,1,1,0,0.0,0,10,A
-0.0022786423963451208,0.010215731397608917,0.06107890522950755,-0.9647976923293611,0.6104760358717622,-0.05082459043887749,-0.3359776864920668,-0.3007912605464016,0.2428364423866376,0.43386975697411506,-0.7841760279046862,1.0650656301971524,1.2397718432189477,0.25201320063771754,0.07951497753840232,0,0,0,1.0,1,1,2,3.5541672471464087,0,1,0,1.0,2,5,C
0.12880057490722074,0.12004819541590712,-0.17814188512285406,0.19158740554258682,-0.4160763686647438,0.06510127413287696,-0.359152273368213,-0.3199120169103097,0.13820228873766896,0.3106737006216225,-0.8938440372111509,-0.019661215877854687,0.05930367652480678,-0.303054076946321,-0.3195414754193966,1,0,0,1.0,3,2,2,3.0999749158180028,0,1,0,1.0,2,8,C
0.009986252286087426,0.028393138082108013,0.31983792797160737,-0.685265536463318,0.2975920913693435,-0.012270696952317871,-0.2760763126356186,-0.24935536219285992,0.21013752435887728,0.362710299260061,-0.7299986408128226,1.4856592899276104,1.8116678742483259,0.3934164180291378,0.2896049757245219,0,0,0,1.0,2,2,2,4.0,0,1,0,1.0,2,6,C
0.3753078284581763,0.20056879017477625,0.9615583721142849,0.12250181903355672,-0.14532022740968398,0.3714186265857678,0.13722996142122548,0.1505705571554041,-0.12030785902687466,-0.07738357559009906,-0.8585566605502507,0.05460548279147504,0.054927887038520896,-0.23017592864678868,-0.25989086886872004,0,0,0,1.0,1,0,0,3.3337086111390217,0,0,0,1.0,2,2,C
0.018372306665576963,0.026204178178319267,0.05650608212720041,-0.980924834801544,0.7979793661574137,-0.045700428180174085,-0.28243783884942397,-0.25280233401233965,0.2765960761683127,0.4357967548857924,-0.8324518787470166,0.5168714377075606,0.5754472565869524,0.14597527773780455,0.052695770625193046,0,0,0,1.0,1,1,2,4.0,0,1,0,1.0,2,4,C
0.061563556561124055,0.06401071100101167,-0.13115679525412724,-0.6405398433938286,0.4972665902694128,-0.015125833812531103,-0.3474866724860184,-0.3104017589810496,0.24030873606508973,0.42395906593449995,-0.8869172085689226,0.052792732312636426,0.05856403175768782,-0.08396310595556711,-0.12027620204752093,0,0,0,1.0,2,2,2,3.6508884729488527,0,1,0,1.0,2,6,C
0.015447317343418464,0.026176688390338217,-0.042241340618308115,-1.0979558237011147,0.9458303753945396,-0.05913105739875822,-0.3337091637359323,-0.2988817300140534,0.28845503941780753,0.47573153289996317,-0.8561111533446522,0.34802896628235724,0.36824535326320507,0.11082941222069605,0.04127873753880227,0,0,0,1.0,1,1,2,3.9435884209728997,0,1,0,1.0,2,5,C
0.8530855995737217,1.0160329084794815,1.0076800547590228,0.10386838772305118,-0.3647226717948042,1.466188161410984,1.2976964975114043,1.496991819043679,-0.8051611926260314,-0.8019051180503443,0.009624648914685958,0.001492504023156132,0.0014402246806487096,-0.30207808241691547,-0.33110815979222585,0,0,1,0.44583275285359114,1,1,0,2.8916655057071825,0,0,1,0.0,3,3,D
1.0811758905842914,1.27312178321436,0.7559776759815361,0.37799193714805346,-0.5049771682819297,1.7225339544694926,1.3324948315618173,1.544431263245569,-0.8989239574236799,-0.8421641072374126,-0.08970778437455851,-0.08140597584858465,-0.07775415306183578,-0.36934411862186217,-0.3907642369576541,0,0,1,0.0,3,1,0,2.0,0,0,1,0.0,3,5,D
1.0265423342713296,1.2886990438800476,1.601535133390116,-0.007973540137905022,-0.4018125628733766,1.7337699971614189,1.3313453373063524,1.5428068263311088,-0.9102231404721727,-0.8419733450020804,0.05589679447694784,1.5082916142659926,1.933893931043726,0.021622966678709443,-0.17326010612688797,1,0,0,0.5407511080341328,3,2,2,3.081502216068266,0,0,0,0.0,3,8,D
1.0405257304518594,1.1962277853052328,0.5856777398524612,0.38333789732644946,-0.591517419872937,1.6774477564582773,1.33575428475815,1.5488415450753263,-0.8835180722944365,-0.8363497251523608,-0.07687108612184053,0.3719947611796133,0.3854158150861219,-0.239185051135826,-0.3074115824835524,1,0,0,0.6662913888609782,3,1,2,3.3325827777219565,0,0,1,0.0,3,7,D
0.7894910613484631,0.9972169963476067,1.2574821551816942,-0.29925484197941005,-0.1362393556732637,1.3970679999437603,1.2775781361362204,1.4696226368749281,-0.7742554724686113,-0.7897319012780796,0.04493334177596525,-0.012189851983898149,-0.011332340103670875,-0.3449123648254214,-0.3668354316321024,0,0,1,0.0,1,0,0,1.8571331820780592,0,0,1,0.0,3,2,D
1.042239934742619,1.1987347678335354,0.58836615416061,0.3848850092198325,-0.590436594120536,1.6793492004476616,1.3358257359248862,1.5489395209488916,-0.8842022617781271,-0.8366238387511782,-0.07753323257033001,0.36126890262779127,0.37447473408178555,-0.2422477489452942,-0.3093847533703924,1,0,0,0.6508884729488529,3,1,2,3.3017769458977058,0,0,1,0.0,3,7,D
0.7888752998856511,0.9924875692472204,1.2124965253132831,-0.2249830962047281,-0.1743733225551479,1.397850708159954,1.2781571165121255,1.4704221966805013,-0.7754748447100024,-0.7895508431861565,0.04715067191879455,0.012222469071353336,0.011794341148782469,-0.3425462549266834,-0.3674752871844064,0,0,1,0.056411579027100256,1,1,0,2.1128231580542005,0,0,1,0.0,3,3,D
-0.14762680488207916,-0.29113814483653533,0.14229366928912857,-0.32240815104457454,0.1613007359626951,0.03380673473326044,0.20702650078914578,0.20380431576741037,0.05445305137236238,0.005844711080321349,-0.04272007893065888,-0.11793286457741989,-0.1122071975461628,-0.3702794788730549,-0.38664756053101373,0,0,1,1.0,1,0,0,3.8439813595575636,0,0,1,0.15601864044243652,1,1,B
0.4245258405870262,0.17994134380828677,1.226067042964533,0.5464233496750439,-0.5539677753494942,0.4852902487974373,0.34226806301911583,0.3437960709428221,-0.25759128443912016,-0.2902980317046603,-0.7045082035917428,-0.05467462156787241,-0.05233879169259127,-0.3869447737601908,-0.4040175112927599,0,0,1,1.0,1,0,0,3.1559945203362028,0,0,1,0.8440054796637974,1,1,B
-0.22907281855090664,-0.3581963796889025,-0.01198163067720627,-0.44608644361892724,0.26311931429234836,-0.030462010240508583,0.1877748444117735,0.18387646872199215,0.09887260870735423,0.04800067429712006,0.051485558452739,-0.12693768482184506,-0.12072947397028569,-0.3679071716820957,-0.3841749454721283,0,0,1,1.0,1,0,0,3.9419163878318004,0,0,1,0.05808361216819946,1,1,B
0.4429637009415298,0.19512207904788847,1.2609920971052384,0.5744218112896499,-0.577017604852135,0.4998394954899013,0.3466262794116602,0.34830736430683307,-0.2676470447920041,-0.29984135651440985,-0.7258346050746295,-0.052636098002321094,-0.050409507059344744,-0.38748181991794073,-0.404577265283318,0,0,1,1.0,1,0,0,3.133823854225065,0,0,1,0.8661761457749352,1,1,B
0.2225300815732703,0.013628980109251898,0.8434460292401753,0.2396865376849009,-0.3014456433882141,0.325896150338243,0.29452167535634305,0.29437265034648735,-0.14742552193267502,-0.1857462506738795,-0.47086706672764,-0.07700764215561018,-0.07347504646149239,-0.3810611709898933,-0.3978851331312052,0,0,1,1.0,1,0,0,3.3988849882567913,0,0,1,0.6011150117432088,1,1,B
-0.034600559910093254,-0.19807845856838446,0.356388344542651,-0.15077429980335644,0.020002579569420975,0.1229953221942025,0.2337428780777029,0.2314590728323565,-0.007189938170458321,-0.05265698852337036,-0.17345341956944438,-0.10543647619660168,-0.1003804566236594,-0.3735716347642497,-0.390078918098781,0,0,1,1.0,1,0,0,3.7080725777960453,0,0,1,0.2919274222039545,1,1,B
-0.260258327154141,-0.38387283781992343,-0.07105332096188513,-0.49344260364897946,0.302105435373481,-0.0550703785204856,0.18040342537554827,0.1762461376906198,0.11588076447854868,0.06414210460604475,0.08755670033868694,-0.13038561169454577,-0.12399263582157402,-0.3669988202112183,-0.3832281863280295,0,0,1,1.0,1,0,0,3.9794155057041976,0,0,1,0.020584494295802447,1,1,B
0.5292320874136363,0.26615079438691114,1.4244019510817976,0.7054230262220164,-0.6848648041159199,0.567913556818656,0.3670178155689049,0.3694151280024447,-0.31469665921115186,-0.3444933506768032,-0.8256181054272391,-0.04309810740014579,-0.0413826314265138,-0.3899945900875452,-0.40719628249346684,0,0,1,1.0,1,0,0,3.030090147838006,0,0,1,0.9699098521619943,1,1,B
0.6048346104431865,0.6420451335336985,1.125549640341902,-0.11122190876566021,-0.14028790571782232,0.9397999163570058,0.7691735701914664,0.8815460170163182,-0.48270420774584577,-0.4721436862459607,-0.3578720931368291,0.01758969599678369,0.018208639367836725,-0.2937591036312912,-0.31915604281258,0,0,0,0.44583275285359114,1,0,0,2.5154388704122805,0,0,0,0.44583275285359114,2,2,C
-0.11945268533869657,-0.21717770342748366,0.1307810245788063,-0.42776591345702053,0.1864693497726877,0.09618911667746871,0.2713907061387833,0.2709734976105781,0.04825957475998072,-0.040710797515272,-0.01338438495871938,-0.2954702982336325,-0.27409686667471334,-0.4043513385741896,-0.39793529015861506,0,0,0,0.09997491581800289,1,0,0,2.1333374061243693,0,0,0,0.09997491581800289,1,2,B
0.5992778705727582,0.6313571903761386,1.1215794857016388,-0.10556356272998121,-0.14040973595629888,0.9260396616836162,0.7538745004430599,0.8638494308184641,-0.4739307555917705,-0.46258672201213386,-0.36999344069458817,0.018485831500181144,0.019097595792787372,-0.2922197836422719,-0.3177212596812449,0,0,0,0.45924889196586716,1,0,0,2.535248811778331,0,0,0,0.45924889196586716,2,2,C
0.6512745499435755,0.7313686298992783,1.1587298405312638,-0.15851101239414167,-0.13926972076835611,1.0547999720448566,0.8970341305371609,1.0294435993316875,-0.5560275226292914,-0.552015130865536,-0.2565690520783079,0.010100326414557648,0.01077926826970606,-0.30662382806120886,-0.33114711012346415,0,0,0,0.33370861113902184,1,0,0,2.3498791177519984,0,0,0,0.33370861113902184,2,2,C
-0.0958742096988129,-0.19726943417725887,0.17037283294828875,-0.40154216688845373,0.17065747262201098,0.10930554798874806,0.2649970959719657,0.2652355340517921,0.04022626769446809,-0.04245848792380604,-0.05366220292485058,-0.2787869675214274,-0.25841675089342186,-0.3960507758867516,-0.39135659817766616,0,0,0,0.14286681792194078,1,0,0,2.1905427053085234,0,0,0,0.14286681792194078,1,2,B
0.18339473455455257,0.03852873277538005,0.6393074109633358,-0.09094201909163868,-0.016622074452016466,0.2646596082180139,0.189269691515231,0.19727376036885397,-0.05492208783594395,-0.06315853922175514,-0.5307220380061223,-0.08118572197075208,-0.07269781609491227,-0.2977369826698325,-0.3134370417081227,0,0,0,0.6508884729488529,1,0,0,2.8680955612630132,0,0,0,0.6508884729488529,1,2,B
0.7661263311745728,0.9522768131082905,1.2407886273071884,-0.27546288276647113,-0.13675162198685772,1.33920949926448,1.2132492949598759,1.3952128262389691,-0.7373652549933591,-0.7495472074087095,-0.006033955890455078,-0.008421821677575566,-0.007594496063885511,-0.33843990128864265,-0.3608025199782572,0,0,0,0.056411579027100256,1,0,0,1.9404291335840063,0,0,0,0.056411579027100256,2,2,C
0.8146455588926239,1.001937291384791,1.1302951725596233,-0.09300134317109932,-0.25076841891109924,1.4252773652338366,1.2859990813002276,1.4810856891940514,-0.7873892085812756,-0.7945091265867961,0.032089920964268735,0.007916088634397054,0.00763880435066124,-0.32630469722983735,-0.3528796491514292,0,0,1,0.2127024632163934,1,1,0,2.425404926432787,0,0,1,0.0,3,3,D
0.7988933035453852,0.9961610810629937,1.1805413380371892,-0.1736761347748382,-0.20407136923262162,1.4085126247074784,1.2812056241707197,1.4745675530386733,-0.7801064683515624,-0.7914783403541192,0.04129591282848193,0.010548394512538745,0.010178905974441597,-0.3362324656705194,-0.36180133741188153,0,0,1,0.11716854112700711,1,1,0,2.2343370822540143,0,0,1,0.0,3,3,D
0.9302063515942514,1.044312394434097,0.7616821336767476,0.49884043841866976,-0.5933446379169787,1.5482658936671745,1.3211645667152612,1.5289036660137756,-0.8408164299812401,-0.8167434068112281,-0.03544654882890945,-0.011394882855443137,-0.0109957435738178,-0.2534731714912364,-0.2874288711588411,0,0,1,0.9135529460953621,1,1,0,3.8271058921907244,0,0,1,0.0,3,3,D
0.8493560334294359,1.0146653101271461,1.0195765352003558,0.08476750566965317,-0.3536664940170989,1.4622188752797887,1.2965615796834355,1.4954485594028808,-0.8034369023069865,-0.8011875371405135,0.011804295881071533,0.002115739151593954,0.002041629165928158,-0.30442862005412863,-0.33322049391534475,0,0,1,0.42321376442296826,1,1,0,2.8464275288459366,0,0,1,0.0,3,3,D
0.7974681696708552,0.9956384972923181,1.1850871958149374,-0.18097492315788072,-0.19984660611963162,1.406995889541932,1.280771951786621,1.4739778459504462,-0.7794475862059916,-0.791204139864638,0.042128794886646295,0.010786543792903353,0.010408713375921594,-0.33713064810798143,-0.36260849802969086,0,0,1,0.10852542142541022,1,1,0,2.2170508428508207,0,0,1,0.0,3,3,D
0.8274730749366805,1.0066410261163188,1.0893782702108563,-0.027305532581709396,-0.28879517385865605,1.438929377173448,1.289902531750962,1.4863935955393555,-0.7933197540861592,-0.7969771832662216,0.02459321616000389,0.005772526005402054,0.0055703263064496925,-0.31822022893324803,-0.34561446097498905,0,0,1,0.2904984925048655,1,1,0,2.580996985009731,0,0,1,0.0,3,3,D
0.019327754719043605,0.020093322299248848,0.36066767556483814,-0.6162973570272989,0.27257007698802016,-0.0065578771093634525,-0.14617704284030666,-0.13028973383471837,0.2272000789004859,0.312759638459045,-0.7412957296930489,1.246318665106704,1.4673578302260728,0.29468733958407356,0.09804926093486353,0,0,0,1.0,1,0,2,4.0,0,1,0,1.0,2,4,C
0.02030111788289736,0.013867884934313152,0.6705324451219783,-0.24483293872991407,-0.26269088897294063,0.0333186156139761,-0.00736129139108729,-0.005479963499042853,0.17687788293402346,0.18741551694238195,-0.6484303590159475,1.9894433787417716,2.375992155956377,0.4461878240915274,0.1442531509940449,0,0,0,1.0,1,0,2,4.0,0,1,0,1.0,2,4,C
0.01935650636171188,0.01990943250639731,0.3698206016880361,-0.6053248725369454,0.25675929577183276,-0.005379987178634617,-0.1420766402047737,-0.12660304622267254,0.22571363904901004,0.3090571669394242,-0.7385526302486503,1.2682694199922804,1.494197483111741,0.29916242961869494,0.09941405239831534,0,0,0,1.0,1,0,2,4.0,0,1,0,1.0,2,4,C
0.019087465524806266,0.021630164234249547,0.28417294208362526,-0.7079988812632523,0.4047072185953041,-0.0164019832573355,-0.18044577860293812,-0.1611008845548338,0.23962286247199505,0.34370270172679673,-0.7642209295785718,1.062867261470013,1.2430479137487689,0.25728718854000576,0.08664314251448405,0,0,0,1.0,1,0,2,4.0,0,1,0,1.0,2,4,C
0.020209197798263856,0.014455787528859487,0.6412701955317398,-0.27991238495946164,-0.21214322586090845,0.029552857136426698,-0.020470433071727804,-0.01726644266568914,0.18163008713072537,0.19925245785609694,-0.6572001512673453,1.9192659885268637,2.2901847746791217,0.4318807926821962,0.13988986127613334,0,0,0,1.0,1,0,2,4.0,0,1,0,1.0,2,4,C
0.019120474957001983,0.021419042465707458,0.2946813119093758,-0.695401497281346,0.3865550414644702,-0.015049661296082567,-0.175738153221864,-0.1568682406617293,0.23791629787475077,0.3394519365098816,-0.761071608471577,1.0880686721650492,1.273862212337124,0.2624249882397265,0.08821004398838865,0,0,0,1.0,1,0,2,4.0,0,1,0,1.0,2,4,C
0.018493200281017825,0.02543096663847844,0.09499189470017372,-0.9347882249489501,0.7314989035896823,-0.040747689515461254,-0.2651966500557236,-0.23730071556349278,0.2703459606582674,0.42022876897145717,-0.8209178174353464,0.6091689857256155,0.6883014232849124,0.1647919352745799,0.05843438445825745,0,0,0,1.0,1,0,2,4.0,0,1,0,1.0,2,4,C
0.016984542896509646,0.027560849885750714,-0.051201449092019666,-1.1095035246522431,0.9749128774211017,-0.05985140842370118,-0.33351243356167404,-0.2987161322595832,0.29241116219378194,0.4793618577227504,-0.8623494904849017,0.2858463201263653,0.2926650851014484,0.09858571256081183,0.03796282539387846,0,0,0,1.0,1,1,2,3.977359691364425,0,1,0,1.0,2,5,C
0.9121367873674575,1.0760848980033852,0.6475605145236842,0.16849172475678417,-0.3309456758927111,1.4458569652759112,1.0721820176794816,1.2565421537697843,-0.7207880521342614,-0.6430790385846215,-0.19805777556057594,0.0974649654325279,0.12780446162545872,-0.2724007944420256,-0.3173919132836424,0,0,0,0.15601864044243652,2,1,0,2.2424790609199468,0,0,0,0.15601864044243652,2,5,C
0.017614540935059986,0.02812811799119773,-0.05487355222111832,-1.1142360955715513,0.9868317003915024,-0.060146628426952634,-0.3334318080323513,-0.2986482656668801,0.294032491987654,0.480849666400571,-0.8649061355746674,0.26036213205040704,0.2616901767028298,0.09356790189872942,0.036603871827756394,0,0,0,1.0,1,1,2,3.9912001027882598,0,1,0,1.0,2,5,C
0.015596463501366184,0.026310983821873826,-0.043110676774581094,-1.0990762157128964,0.9486520455339972,-0.059200947980220325,-0.3336900763940754,-0.2988656632314044,0.28883887412002124,0.47608375772366074,-0.8567164152169778,0.3419958225146523,0.36091233268576495,0.10964149236100762,0.04095701796062256,0,0,0,1.0,1,1,2,3.9468650092509057,0,1,0,1.0,2,5,C
0.017671470412173814,0.02817937890734401,-0.05520538009716802,-1.1146637521218166,0.9879087392360654,-0.060173305844008276,-0.33342452234422926,-0.29864213293407826,0.2941790026936343,0.48098411153355686,-0.8651371656084448,0.2580592653539121,0.2588911436410131,0.09311446979296309,0.03648107062647119,0,0,0,1.0,1,1,2,3.9924507850716715,0,1,0,1.0,2,5,C
0.4298951062684032,0.5139699970459642,0.3382635932405891,-0.4291790667439215,0.16553849763191675,0.656541511921978,0.3295509542786357,0.43524030418752524,-0.21259464128377015,-0.07512099596716804,-0.5071630707394568,0.6077553170828539,0.7142305016644703,0.004163093641588844,-0.10807234141327016,0,0,0,0.6011150117432088,1,1,1,2.934233263019324,0,0,0,0.6011150117432088,2,5,C
0.24827725922016552,0.22261274366949868,0.17564378877661346,0.5724338931414873,-0.5363131729115543,0.5811600579497556,0.59397581580452,0.6782642220291845,-0.20176010976815795,-0.18833442101886322,-0.09479585291919977,-0.2616771233413055,-0.24307748395233011,-0.38575556439388053,-0.38079755028237305,0,0,0,0.0,2,1,2,2.0,0,0,1,0.0,1,6,B
-0.006727967461328543,0.010162722154374006,0.2700255858520825,-0.7254087556348002,0.2243224684758175,-0.02418929767594529,-0.30422155758914116,-0.2734986604527534,0.19577332991712804,0.36787656553983067,-0.7085138890188823,1.7530644370730553,2.109632604787459,0.41994743333667034,0.22019872478183788,0,0,0,1.0,2,1,2,3.5541672471464087,0,1,0,1.0,2,6,C
0.051571240803615644,0.06754372851715147,-0.008832239132839682,-0.7709863122645225,0.47756648039109384,0.08124699823335696,-0.0808532849235758,-0.07445947637750412,0.13058205309132156,0.17438740144499396,-0.6322126637015958,0.7167653889218226,0.7528772447487304,0.21654870026672926,0.08229262682011361,0,0,0,1.0,1,2,2,3.06507252028997,0,0,0,1.0,1,6,B
-0.007230937007305628,0.009614126757118722,0.26852661722066995,-0.726616757984049,0.22211761598987562,-0.02454795594927401,-0.3050685131329604,-0.2742251881607575,0.19534107807014547,0.36803203044602434,-0.7078673631254497,1.7611112766793415,2.1185990529675855,0.42074581297539704,0.21811013009706293,0,0,0,1.0,2,1,2,3.540751108034133,0,1,0,1.0,2,6,C
1.0407931782747444,1.1966189213109115,0.5860971825977646,0.3835792756206674,-0.5913487909084922,1.6777444171643785,1.3357654324720423,1.548856831137916,-0.8836248186074869,-0.8363924919833751,-0.07697439331050765,0.3703213273107801,0.3837088025028548,-0.23966288908414526,-0.30771943392267775,1,0,0,0.6638882468615191,3,1,2,3.3277764937230385,0,0,1,0.0,3,7,D
1.0419725282665238,1.1983436922965416,0.5879467762601454,0.38464366824211776,-0.5906051970153487,1.6790525856045915,1.3358145899344038,1.5489242372494902,-0.8840955319677997,-0.8365810785318131,-0.07742994135270558,0.3629420777877767,0.37618148276501656,-0.24176998486957146,-0.30907694952435844,1,0,0,0.6532912434283438,3,1,2,3.3065824868566875,0,0,1,0.0,3,7,D
1.0175251369593532,1.1237031129741555,0.7402719195379278,0.4089290618441878,-0.6000035416667504,1.6887656637352129,1.351102472549935,1.569922515541431,-0.8988358646664281,-0.8392290527360945,-0.00785989425390898,0.2827588548084169,0.28215965955815814,-0.18948482146604284,-0.24845558390573688,0,0,0,0.03780595362751276,2,2,2,2.0756119072550256,0,0,1,0.0,3,7,D
1.0407551318769779,1.196563279369645,0.5860375138169315,0.3835449378029394,-0.591372779605005,1.6777022150215297,1.3357638466286716,1.548854656584348,-0.8836096331681642,-0.8363864080906501,-0.07695969711163883,0.37055938544833555,0.38395163745673294,-0.2395949131610157,-0.307675639816674,1,0,0,0.664230111287313,3,1,2,3.328460222574626,0,0,1,0.0,3,7,D
1.0412095008102487,1.1972277830015947,0.5867501079621965,0.3839550170358735,-0.5910862947053829,1.6782062139216538,1.3357827855559545,1.5488806261805028,-0.8837909852086038,-0.8364590649520062,-0.07713520640017053,0.36771637721712574,0.38105158211819057,-0.24040671531558983,-0.3081986507295782,1,0,0,0.6601473969282498,3,1,2,3.3202947938564997,0,0,1,0.0,3,7,D
0.06465422936052279,0.03258782743982745,-0.14055996340371568,0.3254131741115769,-0.40472135600848436,0.042041800526757385,-0.26392352322326057,-0.23129102242119115,0.13334345194480277,0.2667239473971109,-0.7429427008690275,-0.0735513796430361,-0.002678795093202367,-0.3159704749268079,-0.3253533048187537,1,0,0,0.8439813595575635,3,2,2,2.9283583249312946,0,0,0,0.8439813595575635,1,8,B
1.0229302291011682,1.2658012700677574,1.4339810035100968,0.04784017803383479,-0.4350583113406177,1.7185577902026048,1.3317916278540867,1.543417083635893,-0.9037449640794034,-0.8401696786484091,0.03742356661708321,1.367285353627154,1.7293170320660711,-0.008710758605730604,-0.18751834232447556,1,0,0,0.6123914186512809,3,2,2,3.2247828373025618,0,0,0,0.0,3,8,D
-0.413118345804827,-0.3492540734722083,0.9824532997089633,-0.12082765230307956,-0.5693706494633147,-0.11199630216713431,0.12135139860862822,0.11747461747336183,0.23065510498385336,0.18266493779467188,0.5200161339988039,0.17922499048349694,0.17834477372064766,0.028404830770818543,-0.00753896312381316,1,0,0,0.0,3,2,2,1.0580836121681996,0,0,0,0.0,1,8,B
1.006485736592892,1.1615567223112502,0.6711730276228256,0.30193805921297573,-0.5864131129997184,1.6493026019996015,1.3338234129829794,1.54619534484477,-0.8742523778617579,-0.8319582959662558,-0.04667776566268954,0.7253393726933112,0.797958966859414,-0.146808265375115,-0.2524304772947842,1,0,0,0.9385415432285373,3,2,2,3.8770830864570747,0,0,0,0.0,3,8,D
1.0126233155961888,1.2004639216180395,0.9558758978389024,0.2071010905730255,-0.5299229505794725,1.6751507203754161,1.3330650896878078,1.5451584142339472,-0.8852598977247904,-0.8350230308562291,-0.015288619972128811,0.9649329127096639,1.145569797822216,-0.09526612398468712,-0.22820331695812912,1,0,0,0.8168125111212508,3,2,2,3.6336250222425015,0,0,0,0.0,3,8,D
-1.623519563139436,-2.0129600895733613,-0.44640654181372835,2.457485530023675,2.8326746993825545,-1.2501175192176677,-2.0560658779831362,-1.2806045871082734,-0.8769438217587918,-0.7526478209004343,7.99802993462845,-2.1165916621484815,-1.560771821204451,0.7258569241049909,1.1886547821933269,1,1,0,0.0,3,3,3,1.0,1,1,0,0.0,0,10,A
-1.6160688228548212,-2.0063014803081236,-0.443260003327381,2.1143380112709536,2.4178669802202926,-1.2344594878816846,-2.064483087047354,-1.283078845876952,-0.820055218637818,-0.6266861715891586,7.9089236277387345,-2.2611243806056573,-1.627457805033835,0.7106474538900943,1.2405315379099295,1,0,0,0.32284770194693074,3,2,3,1.9685431058407923,1,1,0,0.0,0,10,A
-1.6227710398829887,-2.0122361767892287,-0.4457849394694953,2.473333606325198,2.914698836577204,-1.2481551476073183,-2.0540085242715094,-1.2799776759262338,-0.8726750028152087,-0.7384210557775974,7.993113686948385,-2.120010240417088,-1.5624864560053657,0.7443800012584835,1.2339268438489812,1,1,0,0.0,3,3,3,1.0,1,1,0,0.0,0,10,A
-1.6224632257593123,-2.0120252398676963,-0.44601146867363906,2.4004293833820656,2.7532018430052365,-1.2479626176841092,-2.057744165695509,-1.2811016233787678,-0.868636763090392,-0.7350521048885266,7.984722650026261,-2.1389374287456717,-1.571058998150593,0.7203511448538474,1.1893177676682596,1,0,0,0.05119009869397234,3,2,3,1.153570296081917,1,1,0,0.0,0,10,A
-1.6200766423493669,-2.0098889607167845,-0.44498453908435603,2.2936514820506746,2.6280447904621775,-1.2429228436739084,-2.0602593337478607,-1.2818395822597484,-0.8505046701097311,-0.694606680588803,7.956432176031505,-2.184541272697393,-1.5921087284942543,0.7167294356473373,1.2084322864505657,1,0,0,0.15258088354015378,3,2,3,1.4577426506204614,1,1,0,0.0,0,10,A
-1.61099395877131,-2.0030143394148068,-0.4457689409842463,1.6904831228494077,1.0240238816098344,-1.2308575134443092,-2.1198289717450343,-1.2988895076570302,-0.8604254493716086,-0.7203033543980626,7.7997576146269045,-2.617091677652256,-1.7873534811918619,1.2117996903112567,2.914308012950122,1,1,0,0.0,4,3,4,1.0,1,1,0,0.0,0,11,A
-1.631602110581012,-2.0217203651300535,-0.4435084429921376,2.122931231880368,2.297351383332143,-1.3070973357193116,-2.07234592163019,-1.2852423592257458,-0.7122967442846301,-0.5694087496308113,7.778341887888358,24.523155212229636,406.41692205907077,3.6818264997933903,21.827959726172317,1,1,0,0.0,4,3,4,1.0,1,1,0,0.0,0,11,A
-1.661957960788126,-2.05469402069645,-0.43188607263939255,0.8538878123637357,0.313725342924596,-1.5238461162068784,-2.1330336108633015,-1.3024968981367433,-0.07774565230680947,0.14465255459118995,6.932308870357619,126.6174529060463,1969.9946396915273,15.025971006363578,100.96586532594591,1,1,0,0.0,4,3,4,1.0,1,1,0,0.0,0,11,A
-1.6314103560428705,-2.0215120742058716,-0.4435818602162934,2.130947638376325,2.3098817289699065,-1.3057281577186464,-2.0719625642298745,-1.285133364217629,-0.7163051331368296,-0.5739193956730541,7.783686184602895,23.878236859834228,396.53997507695965,3.610166797442005,21.328054355898924,1,1,0,0.0,4,3,4,1.0,1,1,0,0.0,0,11,A
0.03912828428405682,0.058874756224470415,0.33574764166438253,-0.6801465191829431,0.25846633810492403,0.02830476333616428,-0.21590967820973883,-0.19732032228350288,0.1746246462282352,0.28896438223654364,-0.7163151789892307,1.9748322066987893,2.3256597559215564,0.6217718749577447,0.5481580136943057,1,1,0,1.0,4,4,4,3.1560186404424364,0,1,0,1.0,1,12,B
0.004650090324228761,0.03592198378507462,0.22257832063566216,-0.6984392139398833,0.44759226068831637,-0.018040433327258174,-0.16560060141968289,-0.15265512637996428,0.23679788401950058,0.32607154998530624,-0.7237321727592081,1.8228901910501425,2.116996068650109,0.602190721721052,0.5889092125225764,1,1,0,1.0,4,4,4,3.8440054796637972,0,1,0,1.0,1,12,B
0.04403626029144953,0.062142086774526324,0.3518573112436256,-0.6775425513799246,0.23154423506504856,0.03490200893281585,-0.22307118272843152,-0.20367841952361587,0.16577427663703825,0.28368217142163205,-0.7152593688295558,1.9964611750892833,2.355363062653214,0.62455925501584,0.5423570745164973,1,1,0,1.0,4,4,4,3.0580836121681996,0,1,0,1.0,1,12,B
0.0035390159797492604,0.03518232101092228,0.21893139152668156,-0.6990287037449325,0.4536869233235825,-0.019533926839783285,-0.16397937019797193,-0.15121577160061028,0.23880144283419907,0.3272673441191285,-0.7239711885121964,1.8179937955013383,2.110271793306049,0.6015597107979752,0.5902224370951173,1,1,0,1.0,4,4,4,3.866176145774935,0,1,0,1.0,1,12,B
0.016822452041841445,0.04402535047765442,0.26253220895426843,-0.6919810654176379,0.38082225694204863,-0.0016784829792101871,-0.1833619807158613,-0.16842396048303154,0.21484791934234254,0.3129710416268829,-0.7211136385305696,1.8765325940348643,2.190663786911635,0.6091037543561933,0.574522196394585,1,1,0,1.0,4,4,4,3.6011150117432087,0,1,0,1.0,1,12,B
0.032317268329564316,0.054340536727164115,0.31339153879009085,-0.6837601607787108,0.2958273343805544,0.01914947306033229,-0.20597134080517226,-0.18849690878730907,0.18690669658830217,0.29629474042924153,-0.7177803735687538,1.9448167281053785,2.284439159947621,0.6179037040420097,0.556208234239716,1,1,0,1.0,4,4,4,3.2919274222039547,0,1,0,1.0,1,12,B
0.045915514058556796,0.06339314082110857,0.35802567009420777,-0.6765454975443154,0.221235818014939,0.03742808049905104,-0.2258133078579426,-0.20611292168338988,0.16238548859702012,0.28165962392799615,-0.7148551013235755,2.0047428619323435,2.366736396790734,0.6256265370210179,0.5401359070156302,1,1,0,1.0,4,4,4,3.0205844942958024,0,1,0,1.0,1,12,B
-0.0016595585351828757,0.031721533650960615,0.20186787744419935,-0.7017868510215464,0.4822030689894663,-0.026521791649195922,-0.156393837012119,-0.14448121498783853,0.24817583784656763,0.3328623116747026,-0.7250895125994424,1.7950841880196124,2.0788097704371884,0.5986072915294991,0.596366846629109,1,1,0,1.0,4,4,4,3.969909852161994,0,1,0,1.0,1,12,B
-1.622025515598787,-2.0116334366371134,-0.44582312515566264,2.3808458347252035,2.730247475128876,-1.2470383004019963,-2.0582054588593497,-1.281236968365626,-0.8653112554646569,-0.7276342316690216,7.9795340495097316,-2.1473013793930695,-1.574919613626819,0.7196869070519958,1.1928234566166127,1,0,0,0.06978562589234122,3,2,3,1.2093568776770236,1,1,0,0.0,0,10,A
-1.6565146968171063,-2.04878134455288,-0.4339701397752924,1.0814465292497442,0.6694195529058007,-1.4849797751378355,-2.122151388489914,-1.2994028978254366,-0.19153027942704481,0.016610541475043178,7.084015411640361,108.31039813763488,1689.6214596221496,12.991793981066973,86.77523955351188,1,1,0,0.0,4,3,4,1.0,1,1,0,0.0,0,11,A
-1.6315014861538275,-2.0216110631279385,-0.44354696915270597,2.1271378927477,2.3039267627961344,-1.3063788507574132,-2.0721447523687604,-1.2851851633942206,-0.7144001721153047,-0.5717757401522947,7.781146341961862,24.184730158932478,401.2339306053173,3.644222610095649,21.56563116791386,1,1,0,0.0,4,3,4,1.0,1,1,0,0.0,0,11,A
-1.6167690649365318,-2.007612725429236,-0.44612037368665886,2.0380463114734964,1.8392076342066697,-1.2398175100333837,-2.0910079090118225,-1.2906283194479453,-0.8683646291244068,-0.7364268177743504,7.890491217057998,-2.388937703335528,-1.6840493141646395,0.9887845203872132,2.1243680603413497,1,1,0,0.0,4,3,4,1.0,1,1,0,0.0,0,11,A
-1.6288259388454138,-2.019298683533679,-0.43852192736713513,2.136116168308276,2.6993160678529082,-1.3098040303845229,-2.063059638399903,-1.2823225460940377,-0.6376707650459925,-0.4226652830461711,7.684008795980965,31.932232188677645,520.2245119387967,4.630993422983849,27.890277160729738,1,1,0,0.0,3,3,3,1.0,1,1,0,0.0,0,10,A
-1.616479283407869,-2.006151285093806,-0.44056002422392193,2.606545548411752,3.604157569977131,-1.2316603170463976,-2.0367153160441824,-1.2747081369306856,-0.836793192867339,-0.6188371406345176,7.951789876488369,-2.1487453021161707,-1.576898920171574,0.9000768211178587,1.6144638339966404,1,1,0,0.0,3,3,3,1.0,1,1,0,0.0,0,9,A
-1.6370854362660583,-2.0276765578001146,-0.44140903739349646,1.8936977124698748,1.9390393102825698,-1.3462497279976013,-2.083308235743205,-1.2883591309764553,-0.5976746771253739,-0.4404243639712543,7.6255188062164,42.96494751986429,688.8536122246724,5.73097480311369,36.1230266564443,1,1,0,0.0,4,3,4,1.0,1,1,0,0.0,0,11,A
-1.6205951351701873,-2.010353074142865,-0.4452076427970997,2.3168493200277065,2.6552355573753235,-1.2440177505738543,-2.05971290550535,-1.2816792583505756,-0.8544439248609966,-0.7033935773915918,7.962578371300759,-2.174633692852397,-1.5875356077653033,0.7175162634677474,1.2042795965756756,1,0,0,0.1305534137182276,3,2,3,1.3916602411546828,1,1,0,0.0,0,10,A
-1.6124796741985201,-2.002283177839632,-0.4372385957457377,2.691227101563328,4.042439870075189,-1.2211747115594414,-2.0257221895367095,-1.271358341562896,-0.813983470640626,-0.5428187934229547,7.925520726762874,-2.1670119050683567,-1.5860607853258477,0.9990517952826101,1.8563675466261886,1,1,0,0.0,3,3,3,1.0,1,1,0,0.0,0,9,A
-1.6089161677027337,-2.000099823109786,-0.44093178915610953,1.7633093141972487,1.8632111395531963,-1.2204923593807682,-2.080010865559689,-1.2875658061509458,-0.778393244097599,-0.5342735293396206,7.816317945476782,-2.439232597967487,-1.7089624378237742,0.7816663440749466,1.5603121105133337,1,0,0,0.5399579499258177,3,2,3,2.619873849777453,1,1,0,0.0,0,9,A
-1.619274009567879,-2.008854124288119,-0.44288087172944474,2.54737432955622,3.297907897711581,-1.2389871318485643,-2.044396761061091,-1.2770488057948235,-0.8527314818533104,-0.671954946018174,7.970145439768764,-2.135981516842934,-1.5704970686703614,0.8309180770990725,1.4454336616715335,1,1,0,0.0,3,3,3,1.0,1,1,0,0.0,0,9,A
-1.6097869285619284,-1.9996789661816037,-0.4350024367677614,2.7482391421936283,4.337514385961851,-1.2141152547615057,-2.0183210431031258,-1.2691030845145306,-0.7986267753279229,-0.4916392751149201,7.907834964330145,-2.179309935405891,-1.592229031053342,1.0656869128313333,2.019229749547411,1,1,0,0.0,3,3,3,1.0,1,1,0,0.0,0,9,A
-1.6633279359552942,-2.056182138768864,-0.43136154907447,0.796615228695885,0.2242032772349596,-1.5336281003962824,-2.1357724775606566,-1.303275604371875,-0.0491080344381724,0.176878509322988,6.894126964177648,131.22502118681223,2040.5597080549098,15.537938095433075,104.53739979833448,1,1,0,0.0,4,3,4,1.0,1,1,0,0.0,0,11,A
-1.6180201576466842,-2.008608898842595,-0.44619650646751496,2.113340818477278,2.015805331483686,-1.2417585629066774,-2.0847642451807564,-1.288838653240972,-0.8700845368852597,-0.739919731482839,7.910147331650489,-2.3395114649437767,-1.6616699696818622,0.9404715291861891,1.9532390649787323,1,1,0,0.0,4,3,4,1.0,1,1,0,0.0,0,11,A
0.6973693379154943,0.820028255001662,1.1916634384008655,-0.20544865332536405,-0.13825910318644796,1.1689453228079845,1.0239444039464567,1.176241975292734,-0.6288058830085584,-0.6312929538850802,-0.1560189168124338,0.002666619423333936,0.0034051138410559935,-0.31939293911720523,-0.34304905726634494,0,0,0,0.2224177999435602,1,0,0,2.185549840460517,0,0,0,0.2224177999435602,2,2,C
0.36525679528674343,0.4378861008032415,0.27876209813309555,-0.5336955091623253,0.2877188086876522,0.5448723464211118,0.22607299038743897,0.3207060892101442,-0.13436166593819904,0.010877220309083169,-0.5616999083069463,0.566291882055654,0.6591062812968017,0.0206196900058378,-0.08482098337774813,0,0,0,0.6633485053039306,1,1,1,3.0922226913352255,0,0,0,0.6633485053039306,2,5,C
0.0016238736551272097,0.025480727425298614,0.5823329611817483,-0.38188614135185295,-0.21331418649459338,0.02032191968164429,-0.23939133471437357,-0.21781952651968806,0.14702223974318052,0.27815624068489503,-0.6287807119687231,2.4172762847115803,2.983284302527939,0.6147723782276854,0.4607476640517437,0,0,0,1.0,2,1,2,3.930452533568435,0,1,0,1.0,2,6,C
0.01913418451357267,0.021331358866305637,0.29904567327547343,-0.6901695215442718,0.3790160357105768,-0.014488011694851845,-0.17378297095478454,-0.15511032884573597,0.23720752337209558,0.33768649850220933,-0.7597636248740524,1.0985353825142656,1.286660080751772,0.26455883153683446,0.08886081326760008,0,0,0,1.0,1,0,2,4.0,0,1,0,1.0,2,4,C
0.7975485637230425,0.9956679770679959,1.1848307567996619,-0.18056318698020862,-0.20008493167785082,1.4070814509675864,1.2807964159305885,1.4740111122584565,-0.779484754788216,-0.7912196079472197,0.0420818106946019,0.010773109415953818,0.010395749577531992,-0.3370799802184298,-0.36256296482471173,0,0,1,0.10901299345549754,1,1,0,2.2180259869109955,0,0,1,0.0,3,3,D
1.0347524365653316,1.1763072485329968,0.6328974805535991,0.39180722576762395,-0.5933819549841802,1.6819142601085615,1.340326529862019,1.555121496825962,-0.8884442270753591,-0.8373618799134901,-0.05689496963687958,0.33930514203392526,0.3484607389568901,-0.22633012798466293,-0.29117962393110103,0,0,0,0.47167547568793156,2,1,2,2.943350951375863,0,0,1,0.0,3,7,D
1.0405677462880376,1.1962892324546648,0.5857436339677423,0.38337581766080653,-0.5914909283993157,1.6774943616147286,1.335756036054966,1.548843946503368,-0.8835348420536867,-0.8363564437868458,-0.07688731559743792,0.37173186607532793,0.38514764479301833,-0.23926011909016498,-0.3074599456950904,1,0,0,0.6659138572008829,3,1,2,3.331827714401766,0,0,1,0.0,3,7,D
1.041972736513553,1.1983439968528111,0.5879471028573288,0.38464385619022723,-0.5906050657131736,1.6790528165980991,1.3358145986145205,1.5489242491519133,-0.8840956150853302,-0.8365811118320112,-0.07743002179237754,0.3629407747761161,0.3761801536074429,-0.2417703569359137,-0.3090771892314795,1,0,0,0.6532893722327705,3,1,2,3.3065787444655412,0,0,1,0.0,3,7,D
0.8149449468703118,1.0020470742627867,1.1293401919846329,-0.09146803494467626,-0.2516559448531976,1.4255959965442115,1.2860901859328342,1.4812095731432915,-0.7875276246252856,-0.7945667298277925,0.031914951524903895,0.007866058926514556,0.007590527080422683,-0.3261160096767924,-0.35271008319741315,0,0,1,0.21451818465465403,1,1,0,2.429036369309308,0,0,1,0.0,3,3,D
1.0127760590420962,1.2014321893486108,0.9629611830031618,0.2047409212975349,-0.5285171027584828,1.6757939920414626,1.3330462176027145,1.5451326085612904,-0.8855338374189061,-0.8350993016737022,-0.014507451000733071,0.9708955802206795,1.1542206479583152,-0.09398341556151386,-0.22760038541909983,1,0,0,0.813783089940513,3,2,2,3.627566179881026,0,0,0,0.0,3,8,D
1.0128719032858553,1.2020397629688182,0.9674070942129791,0.20325995013043202,-0.5276349541304836,1.6761976354580272,1.333034375649607,1.5451164158849646,-0.8857057305084074,-0.8351471604788913,-0.014017279073114869,0.9746370655262193,1.159648927936169,-0.09317853507677631,-0.2272220548331067,1,0,0,0.8118821731426064,3,2,2,3.6237643462852125,0,0,0,0.0,3,8,D
1.0792925059102456,1.2712055108242384,0.7586227176614374,0.3746637548728824,-0.5031808516693528,1.7204334486813813,1.332166278399049,1.5439836440850028,-0.898135818845755,-0.8418273625988957,-0.08884712461357315,-0.08077479887809262,-0.07715074036114475,-0.3690399889338261,-0.39049653289709213,0,0,1,0.0015030205260727503,2,1,0,2.0030060410521453,0,0,1,0.0,3,4,D
0.9422669697941193,1.0487349146255023,0.7232114636378356,0.5606086004017199,-0.629097949097978,1.5611017149671196,1.3248346479209065,1.5338942371930673,-0.8463924156050884,-0.8190639097990202,-0.042495060332681446,-0.013410291790970596,-0.012940556884544744,-0.24587203615535225,-0.280598034974712,0,0,1,0.9866979106770843,1,1,0,3.9733958213541687,0,0,1,0.0,3,3,D
1.0987568936528085,1.2896793466856378,0.727636749643636,0.4159174691087667,-0.5258560884773767,1.7420374592158474,1.3358272823200612,1.5489697619987768,-0.9063707357814003,-0.8453353638212244,-0.0980024204924001,-0.08695437521068188,-0.08306155001787809,-0.37056449996358715,-0.3918147065352144,0,0,1,0.0,3,1,0,2.0,0,0,1,0.0,3,5,D
0.4327460426256046,0.1867094127904999,1.2416377759956445,0.5589059808923493,-0.5642441442894625,0.49177677950228454,0.3442110986309355,0.3458073532822292,-0.2620744717592824,-0.2945527584759669,-0.7140162118733191,-0.05376578099488575,-0.05147865341351284,-0.3871842065271099,-0.4042670679552912,0,0,1,1.0,1,0,0,3.1461101112312764,0,0,1,0.8538898887687237,1,1,B
0.5187640892015268,0.2575320118225969,1.4045734353390027,0.6895270469441431,-0.6717783846841697,0.5596532985546298,0.3645434611412233,0.36685386492957234,-0.3089875541755625,-0.3390751782248334,-0.8135101531865088,-0.044255468429530175,-0.042477972626803445,-0.3896896849569576,-0.40687848511027147,0,0,1,1.0,1,0,0,3.0426774268796315,0,0,1,0.9573225731203686,1,1,B
-0.08650773767654044,-0.24081601637372396,0.2580656021566787,-0.22959695580972034,0.08489360132985192,0.08203556222676403,0.221473411410591,0.21875865629269475,0.021119536474545623,-0.025790147802254935,-0.11341427773808586,-0.11117542871406758,-0.10581187428788646,-0.37205971581903957,-0.3885030709378452,0,0,1,1.0,1,0,0,3.7704885352284534,0,0,1,0.22951146477154652,1,1,B
0.4368108281702532,0.19005613697501178,1.2493373057939885,0.5650784835502105,-0.5693256782618175,0.49498428658304017,0.34517190507226087,0.3468019068638883,-0.26429135097069634,-0.2966566668464998,-0.7187178012551823,-0.05331637087015539,-0.0510533259547973,-0.38730260299052044,-0.40439047055654936,0,0,1,1.0,1,0,0,3.1412223964210395,0,0,1,0.8587776035789604,1,1,B
0.43948488888769327,0.19225781368725364,1.2544025201700872,0.5691391275139277,-0.5726686173247901,0.49709437790061317,0.34580398141025964,0.34745618410309104,-0.2657497476190402,-0.2980407444724749,-0.7218107898858188,-0.05302072182610104,-0.05077351993873398,-0.38738049131412633,-0.4044716522191068,0,0,1,1.0,1,0,0,3.138006963274927,0,0,1,0.8619930367250734,1,1,B
0.4365268313576133,0.18982230938663197,1.2487993581218328,0.5646472256002919,-0.5689706436761995,0.49476018575965136,0.3451047758316397,0.3467324197915475,-0.2641364629395484,-0.2965096718169331,-0.7183893124864331,-0.05334777007722046,-0.05108304256377375,-0.3872943309137117,-0.4043818487129013,0,0,1,1.0,1,0,0,3.1415638893268656,0,0,1,0.8584361106731347,1,1,B
0.6015080209752787,0.6356467056838095,1.1231728735829343,-0.10783449190487832,-0.14036084042371808,0.9315622231520692,0.7600146522862606,0.8709518055476486,-0.47745190617811184,-0.4664223285242126,-0.3651286406921826,0.01812617511888276,0.018740820673714895,-0.29283757665997073,-0.31829709771802345,0,0,0,0.45386443835832285,1,0,0,2.5272982598825124,0,0,0,0.45386443835832285,2,2,C
0.7482073124145205,0.9178110187014117,1.2279859269580529,-0.2572162109537802,-0.13714449233524686,1.2948363114987982,1.1639138349193623,1.338146008741214,-0.7090731885290029,-0.7187285213826723,-0.04512210098079893,-0.005532021314167473,-0.004727846332748822,-0.3334760007994814,-0.35617572325094915,0,0,0,0.09967508497592492,1,0,0,2.0043109634430736,0,0,0,0.09967508497592492,2,2,C
-0.09955232269651539,-0.20037501508967165,0.16419672779244848,-0.4056329276558355,0.17312403881374575,0.10725945657782229,0.2659944641231551,0.26613062492485157,0.04147941957686616,-0.042185857796830595,-0.04737908403103506,-0.2813894756934881,-0.26086276303354056,-0.39734561818169906,-0.3923828380776739,0,0,0,0.13617591622692962,1,0,0,2.1816189921016025,0,0,0,0.13617591622692962,1,2,B
0.5996006260963117,0.631977984721378,1.1218100866240117,-0.10589221990663106,-0.14040265961597684,0.926838906979401,0.7547631256768605,0.8648773124678814,-0.47444034938406404,-0.46314182501619683,-0.36928938904408737,0.018433780713151653,0.01904596199256611,-0.2923091929075169,-0.31780459706819086,0,0,0,0.4584696341448751,1,0,0,2.5340981788269503,0,0,0,0.4584696341448751,2,2,C
0.6450597782496545,0.7194150153427779,1.1542895382579643,-0.1521826022837298,-0.13940597820260764,1.0394102213566114,0.8799233375483235,1.009651374835676,-0.5462151140270307,-0.5413264263040206,-0.27012581547747916,0.0111025827177671,0.011773495344526208,-0.3049022210544539,-0.32954241927964945,0,0,0,0.3487134959349429,1,0,0,2.372034961957546,0,0,0,0.3487134959349429,2,2,C
0.7951652285111948,0.9947940294873155,1.1924330621713815,-0.19276938014424785,-0.19301961180239402,1.4045449255283284,1.280071160091891,1.4730249104053073,-0.7783828674174493,-0.7907610463388219,0.04347468835474019,0.011171380466634094,0.010780070013442678,-0.33858206354416104,-0.36391282700708116,0,0,1,0.0945585959471775,1,1,0,2.189117191894355,0,0,1,0.0,3,3,D
0.8197937736257325,1.0038250954118775,1.1138735209490074,-0.06663488696724919,-0.2660301343828195,1.4307564843994405,1.287565698020987,1.4832159723724159,-0.789769382703744,-0.7954996601956044,0.029081182094597723,0.0070557879596576155,0.0068086382369922285,-0.3230600644692232,-0.34996382751610294,0,0,1,0.24392523953448053,1,1,0,2.487850479068961,0,0,1,0.0,3,3,D
0.8499379152687075,1.0148786809627488,1.0177204624958491,0.08774759931887567,-0.35539146384246634,1.4628381579055048,1.2967386480199692,1.495689336673888,-0.803705923738292,-0.8012994931384727,0.011464230324731574,0.0020185028541791178,0.0019477988557788752,-0.30406189236766185,-0.33289093041729556,0,0,1,0.42674274824609726,1,1,0,2.8534854964921945,0,0,1,0.0,3,3,D
0.01935017211607512,0.01994994508272048,0.36780412968925713,-0.6077422096195377,0.2602425531664771,-0.005639486931062264,-0.14297999580788687,-0.12741525668278914,0.22604111512584338,0.3098728547364304,-0.739156959743398,1.2634334711401813,1.4882844660314734,0.2981765270094782,0.099113376556166,0,0,0,1.0,1,0,2,4.0,0,1,0,1.0,2,4,C
0.0188675892704548,0.02303644906229075,0.21417655490172793,-0.7919102187302479,0.5256191049975782,-0.025409817313811804,-0.2118033320907792,-0.1892945802143484,0.2509903113037742,0.37201710375834884,-0.7851985981628221,0.8950003392175145,1.0377934727179943,0.22306423835762537,0.07620599155177708,0,0,0,1.0,1,0,2,4.0,0,1,0,1.0,2,4,C
0.020250178782638545,0.014193681296723125,0.6543162648212447,-0.2642728188783629,-0.23467902965646167,0.031231755605054298,-0.014625948348700091,-0.012011644212371725,0.17951139885158737,0.19397516190317007,-0.6532902906459506,1.9505533675944569,2.328440515689118,0.43825933588058114,0.1418351587425676,0,0,0,1.0,1,0,2,4.0,0,1,0,1.0,2,4,C
0.01935363191865649,0.019927816872957433,0.368905538669381,-0.6064218457501829,0.25833997729293795,-0.005497746625302106,-0.14248657761308103,-0.1269716225063341,0.22586224574802988,0.30942732121791683,-0.7388268713846844,1.2660748951204532,1.491514191073912,0.2987150328692057,0.09927760748664761,0,0,0,1.0,1,0,2,4.0,0,1,0,1.0,2,4,C
1.0948836404525821,1.2860315664393605,0.7338805107764819,0.40756213309837885,-0.5212562744537331,1.7377406615940028,1.3350931134268722,1.5479698898781944,-0.9047301434902205,-0.8446367074553665,-0.09617503750617706,-0.08573201289713103,-0.08189228270333705,-0.37029563897090595,-0.3915832786333382,0,0,1,0.0,3,1,0,2.0,0,0,1,0.0,3,5,D
0.1719521361175228,0.21330418402752677,0.17282586842082734,-0.7488631280236714,0.4310995376066896,0.23434994200191045,-0.06766992008326883,-0.0040602514775189835,0.05922947293865244,0.22867021531913817,-0.6724982979767474,0.8807010496956804,1.0278999343786688,0.15209246914928196,0.003889179531793588,0,0,0,0.8391895799867573,1,1,1,3.3042409593619695,0,0,0,0.8391895799867573,2,5,C
0.015529969259190816,0.026251110519936643,-0.04272309824287475,-1.0985767082580085,0.9473940525680781,-0.05916978846988854,-0.3336985861562401,-0.2988728263293423,0.2886677480380926,0.4759267243608883,-0.8564465696502416,0.3446855956089697,0.3641816334365371,0.11017110594222196,0.041100451085809314,0,0,0,1.0,1,1,2,3.9454041988789545,0,1,0,1.0,2,5,C
0.9290364574815112,1.0957836440153939,0.6583995111136598,0.18943649085445505,-0.3483444596940047,1.473517723979318,1.0982067693337156,1.2853238432545457,-0.7385971742697348,-0.6629825515638056,-0.1872254943128725,0.07958235813566174,0.10725375642643116,-0.2820926951160221,-0.324727305166323,0,0,0,0.14042068999816468,2,1,0,2.218237237216847,0,0,0,0.14042068999816468,2,5,C
0.5959998037403936,0.6568886646425338,0.3868810621078547,0.5234012665770664,-0.5397046870173994,1.0541568397487158,0.8929227763595267,1.0293640059966433,-0.48725611404608454,-0.45316875826720043,-0.09909744036155312,-0.19357017861932785,-0.18078540278507832,-0.38010230323244726,-0.38560098225358147,0,0,0,0.0,2,1,1,2.0,0,0,1,0.0,1,6,B
-0.0045447345415103695,0.01254400257289667,0.2765321381633506,-0.7201651966217505,0.23389304102668634,-0.02263247469220924,-0.3005451894279306,-0.27034503172520613,0.19764959950349295,0.3672017411815902,-0.7113202549814877,1.7181356321991683,2.070712067754412,0.41648191793176725,0.22926465871050095,0,0,0,1.0,2,1,2,3.6124024957833427,0,1,0,1.0,2,6,C
-0.006806427954396956,0.010077144278520519,0.26979175495942626,-0.7255971973818363,0.2239785235698609,-0.024245246401257817,-0.30435367801294533,-0.27361199479407444,0.19570590099759355,0.3679008172133015,-0.7084130345222514,1.7543196999576602,2.1110313215704375,0.4200719761854597,0.21987291545580967,0,0,0,1.0,2,1,2,3.5520744029608253,0,1,0,1.0,2,6,C
0.06098316676800275,0.06421592142020259,-0.12405174317773122,-0.6481166455004251,0.4961223367275696,-0.009528151612426716,-0.33199964221174827,-0.29669737894422554,0.23393541396673842,0.4094630421661195,-0.8721230485673711,0.09135866258941347,0.09889225114431599,-0.06650829475098613,-0.10851027275420688,0,0,0,1.0,1,2,2,3.6168621663526697,0,0,0,1.0,1,6,B
-0.14268218683608636,-0.26566239458317664,-0.06185938342052566,0.6275633888339757,-0.5324999474045841,0.04934938673296907,0.2578568613661587,0.283507600079979,0.11923535469842172,0.10943024054526862,-0.08995939272952357,-0.3382526971736751,-0.31311515602919227,-0.3921117696124258,-0.375396844655927,0,0,0,0.0,2,1,2,2.0,0,0,1,0.0,1,6,B
1.040556485789402,1.1962727642463586,0.585725973945648,0.3833656547814703,-0.5914980282747366,1.6774818711504569,1.3357555666968097,1.5488433029061046,-0.8835303476566133,-0.8363546431521011,-0.07688296599965659,0.3718023235559445,0.3852195160561963,-0.2392400004236263,-0.30744698406140475,1,0,0,0.6660150379729465,3,1,2,3.3320300759458927,0,0,1,0.0,3,7,D
1.0409374889933904,1.1968299722645483,0.5863235074313444,0.3837095196238845,-0.591257801321136,1.6779044907040686,1.335771447606455,1.5488650792614336,-0.8836824172709682,-0.8364155683055202,-0.07703013627553565,0.3694183682153815,0.38278772485124984,-0.2399207230682646,-0.3078855458092405,1,0,0,0.6625915485178561,3,1,2,3.3251830970357124,0,0,1,0.0,3,7,D
1.0202129168223724,1.1319103386856955,0.7235195055493235,0.40625773625764405,-0.598970450714964,1.6876967170562602,1.3494212246222808,1.5676132807242804,-0.897214575497499,-0.8389377389708407,-0.01551028004915244,0.2915811296634082,0.29250386382581434,-0.1952333760957628,-0.25512133054470243,0,0,0,0.10549768658878902,2,1,2,2.210995373177578,0,0,1,0.0,3,7,D
0.07878624658407311,0.05185613362441309,-0.14883959898548615,0.2959301529004148,-0.4072229674886749,0.047122010091158066,-0.28490327391296943,-0.25081502507192127,0.13441389741847698,0.2764064735682617,-0.7761876233360631,-0.061678891568792325,0.0109765012295827,-0.313124876207648,-0.324072906497196,1,0,0,0.8783536701722392,3,2,2,2.9661670044061426,0,0,0,0.8783536701722392,1,8,B
1.0127716851980297,1.2014044627771503,0.9627582942160821,0.20480850529316894,-0.5285573595375125,1.675775571807829,1.3330467580092564,1.5451333475127234,-0.8855259930921099,-0.8350971176411208,-0.014529819955748511,0.9707248378509619,1.153972928854478,-0.09402014621527321,-0.22761765050382257,1,0,0,0.8138698381199673,3,2,2,3.6277396762399343,0,0,0,0.0,3,8,D
-0.41671362868892764,-0.34674472516402577,1.0077384845330537,-0.15299847853158133,-0.5755859780988968,-0.11280177828298693,0.11778111802063386,0.11388331368771298,0.2340530460287209,0.18689016145143814,0.5322958915922267,0.19418897812575323,0.19253959065453688,0.03979347477369504,0.0020628632736689276,1,0,0,0.0,3,2,2,1.0321880354595707,0,0,0,0.0,1,8,B
0.07106725485658644,0.04133167036564757,-0.1443172128638653,0.31203395416461255,-0.40585657244290624,0.04434716945933665,-0.27344400950245584,-0.24015089888494848,0.13382921374414297,0.27111782027595344,-0.7580290492666554,-0.0681637150571937,0.003517897288999851,-0.3146791591260369,-0.32477226766380435,1,0,0,0.8595793100018353,3,2,2,2.945515679158166,0,0,0,0.8595793100018353,1,8,B
0.08256241549160256,0.049072852765243036,-0.25148041248536457,0.20052501500976894,-0.3273773590399841,0.011092805859765575,-0.37745500492688716,-0.3354296871144879,0.18527313971261467,0.37722963849679014,-0.8862750913271272,-0.1953394088143107,-0.17944508417393248,-0.35039994001326824,-0.3633715836852292,1,1,0,1.0,3,3,2,3.0,0,1,0,1.0,1,9,B
-1.623559388558529,-2.0129986055844094,-0.44643961436512225,2.456642328058883,2.828310578947557,-1.2502219278263855,-2.0561753401449097,-1.2806379421180796,-0.8771709456350331,-0.7534047604857802,7.998291505157539,-2.116409775599096,-1.5606805935118577,0.7248713978649189,1.1862460676836326,1,1,0,0.0,3,3,3,1.0,1,1,0,0.0,0,10,A
-1.6212433518547569,-2.010933306026967,-0.4454865657506732,2.3458511210533497,2.689229294745611,-1.245386596760524,-2.0590297641203743,-1.281478822339337,-0.859368758054445,-0.7143789042552269,7.970262308590092,-2.162247294620167,-1.5818183190430268,0.7184999509955062,1.1990879280420819,1,0,0,0.10301480009801121,3,2,3,1.3090444002940336,1,1,0,0.0,0,10,A
-1.6227624087191534,-2.0122278294068483,-0.4457777718208923,2.473516349268523,2.91564465056557,-1.2481325196519026,-2.0539848010848227,-1.2799704470618323,-0.8726257793938021,-0.7382570080482023,7.993056998076242,-2.120049659778966,-1.5625062273267731,0.744593589429948,1.23444887249397,1,1,0,0.0,3,3,3,1.0,1,1,0,0.0,0,10,A
0.004154736990604466,0.035592217894290956,0.22095240019154344,-0.6987020278024475,0.450309460908711,-0.01870628165131622,-0.1648778034410953,-0.15201341487635192,0.2376911361613617,0.3266046741758344,-0.7238387338103383,1.820707217543559,2.113998166462521,0.601909396384136,0.5894946910488673,1,1,0,1.0,4,4,4,3.8538898887687236,0,1,0,1.0,1,12,B
-0.0011398314856789203,0.03206752557593679,0.20357380082815482,-0.7015111054797533,0.4793521697270657,-0.025823180453127308,-0.1571522000538093,-0.14515450171827196,0.24723863349436137,0.3323029552643296,-0.7249777082429628,1.7973745740990215,2.081955183524967,0.5989024593973244,0.5957525598031969,1,1,0,1.0,4,4,4,3.9595390835984587,0,1,0,1.0,1,12,B
0.03544521985982684,0.05642287200723206,0.32365855426378426,-0.6821005998798927,0.27866933823823026,0.02335402997513401,-0.2105355112462024,-0.19254905165879277,0.18126617856937244,0.2929282815515321,-0.7171074845815935,1.9586013033912277,2.3033696729748234,0.6196801572489956,0.5525111793741555,1,1,0,1.0,4,4,4,3.2295114647715466,0,1,0,1.0,1,12,B
0.003909791056117714,0.035429152847995894,0.22014840317456194,-0.698831985920809,0.451653081920207,-0.019035535193973392,-0.1645203890173043,-0.1516960966849648,0.2381328380048107,0.3268682973195225,-0.7238914268972263,1.8196277648595172,2.1125157418920315,0.6017702845767288,0.5897842027469011,1,1,0,1.0,4,4,4,3.8587776035789605,0,1,0,1.0,1,12,B
0.003748650869479817,0.035321878840573966,0.21961948551914473,-0.6989174801972979,0.45253699673600795,-0.01925213800236919,-0.16428526028541726,-0.15148734566939537,0.2384234160772364,0.32704172449913654,-0.723926091583021,1.8189176358780428,2.1115405137362107,0.6016787684523395,0.5899746609766029,1,1,0,1.0,4,4,4,3.861993036725073,0,1,0,1.0,1,12,B
0.003926904840817851,0.03544054581150949,0.22020457651696507,-0.6988229060589107,0.45155920634412317,-0.019012531038984662,-0.16454536070548645,-0.15171826694559892,0.2381019773568629,0.326849878603031,-0.7238877453576814,1.8197031836284279,2.112619315339726,0.6017800039849165,0.5897639752592365,1,1,0,1.0,4,4,4,3.8584361106731344,0,1,0,1.0,1,12,B
